pending_01,pending_02,pending_03,pending_04,pending_05,pending_06,usage_01,usage_02,usage_03,usage_04,usage_05,usage_06,peakUsage_01,peakUsage_02,peakUsage_03,peakUsage_04,peakUsage_05,peakUsage_06,tUsage,tPeakUsage,limit,lem,alloc,reserved0
0,0,0,0,0,0,0,0,0,13,0,0,0,2,0,47,0,0,13,47,0,0,0,0
0,0,0,0,0,0,0,0,0,13,0,0,0,2,0,47,0,0,13,47,0,0,0,0
0,0,0,0,0,0,0,0,0,13,0,0,0,2,0,47,0,0,13,47,0,0,0,0
0,0,0,0,0,0,0,0,0,13,0,0,0,2,0,47,0,0,13,47,0,0,0,0
0,0,0,0,0,0,0,0,0,13,0,0,0,2,0,47,0,0,13,47,0,0,0,0
0,0,0,0,0,0,0,0,0,13,0,0,0,2,0,47,0,0,13,47,0,0,0,0
0,0,0,0,0,0,0,0,0,13,0,0,0,2,0,47,0,0,13,47,0,0,0,0
0,0,0,0,0,0,0,0,0,13,0,0,0,2,0,47,0,0,13,47,0,0,0,0
0,0,0,0,0,0,0,0,0,13,0,0,0,2,0,47,0,0,13,47,0,0,0,0
0,0,0,0,0,0,0,0,0,13,0,0,0,2,0,47,0,0,13,47,0,0,0,0
0,0,0,0,0,0,0,0,0,13,0,0,0,2,0,47,0,0,13,47,0,0,0,0
0,0,0,0,0,0,0,0,0,13,0,0,0,2,0,47,0,0,13,47,0,0,0,0
0,0,0,0,0,0,0,0,0,13,0,0,0,2,0,47,0,0,13,47,0,0,0,0
0,0,0,0,0,0,0,0,0,13,0,0,0,2,0,47,0,0,13,47,0,0,0,0
0,0,0,0,0,0,0,0,0,13,0,0,0,2,0,47,0,0,13,47,0,0,0,0
0,0,0,0,0,0,0,0,0,13,0,0,0,2,0,47,0,0,13,47,0,0,0,0
0,0,0,0,0,0,0,0,0,13,0,0,0,2,0,47,0,0,13,47,0,0,0,0
0,0,0,0,0,0,0,0,0,13,0,0,0,2,0,47,0,0,13,47,0,0,0,0
0,0,0,0,0,0,0,0,0,13,0,0,0,2,0,47,0,0,13,47,0,0,0,0
0,0,0,0,0,0,0,0,0,13,0,0,0,2,0,47,0,0,13,47,0,0,0,0
0,0,0,0,0,0,0,0,0,13,0,0,0,2,0,47,0,0,13,47,0,0,0,0
0,0,0,0,0,0,0,0,0,13,0,0,0,2,0,47,0,0,13,47,0,0,0,0
0,0,0,0,0,0,0,0,0,13,0,0,0,2,0,47,0,0,13,47,0,0,0,0
0,0,0,0,0,0,0,0,0,13,0,0,0,2,0,47,0,0,13,47,0,0,0,0
0,0,0,0,0,0,0,0,0,13,0,0,0,2,0,47,0,0,13,47,0,0,0,0
0,0,0,0,0,0,0,0,0,13,0,0,0,2,0,47,0,0,13,47,0,0,0,0
0,0,0,0,0,0,0,0,0,13,0,0,0,2,0,47,0,0,13,47,0,0,0,0
0,0,0,0,0,0,0,0,0,13,0,0,0,2,0,47,0,0,13,47,0,0,0,0
0,0,0,0,0,0,0,0,0,13,0,0,0,2,0,47,0,0,13,47,0,0,0,0
0,0,0,0,0,0,0,0,0,13,0,0,0,2,0,47,0,0,13,47,0,0,0,0
0,0,0,0,0,0,0,0,0,13,0,0,0,2,0,47,0,0,13,47,0,0,0,0
0,0,0,0,0,0,0,0,0,13,0,0,0,2,0,47,0,0,13,47,0,0,0,0
0,0,0,0,0,0,0,0,0,13,0,0,0,2,0,47,0,0,13,47,0,0,0,0
0,0,0,0,0,0,0,0,0,13,0,0,0,2,0,47,0,0,13,47,0,0,0,0
0,0,0,0,0,0,0,0,0,13,0,0,0,2,0,47,0,0,13,47,0,0,0,0
0,0,0,0,0,0,0,0,0,13,0,0,0,2,0,47,0,0,13,47,0,0,0,0
0,0,0,0,0,0,0,0,0,13,0,0,0,2,0,47,0,0,13,47,0,0,0,0
0,0,0,0,0,0,0,0,0,13,0,0,0,2,0,47,0,0,13,47,0,0,0,0
0,0,0,0,0,0,0,0,0,13,0,0,0,2,0,47,0,0,13,47,0,0,0,0
0,0,0,0,0,0,0,0,0,13,0,0,0,2,0,47,0,0,13,47,0,0,0,0
0,0,0,0,0,0,0,0,0,13,0,0,0,2,0,47,0,0,13,47,0,0,0,0
0,0,0,0,0,0,0,0,0,13,0,0,0,2,0,47,0,0,13,47,0,0,0,0
0,0,0,0,0,0,0,0,0,13,0,0,0,2,0,47,0,0,13,47,0,0,0,0
0,0,0,0,0,0,0,0,0,13,0,0,0,2,0,47,0,0,13,47,0,0,0,0
0,0,0,0,0,0,0,0,0,14,0,0,0,2,0,47,0,0,14,47,0,0,0,0
0,0,0,0,0,0,0,0,0,13,0,0,0,2,0,47,0,0,13,47,0,0,0,0
0,0,0,0,0,0,0,0,0,13,0,0,0,2,0,47,0,0,13,47,0,0,0,0
0,0,0,0,0,0,0,0,0,13,0,0,0,2,0,47,0,0,13,47,0,0,0,0
0,0,0,0,0,0,0,0,0,13,0,0,0,2,0,47,0,0,13,47,0,0,0,0
0,0,0,0,0,0,0,0,0,13,0,0,0,2,0,47,0,0,13,47,0,0,0,0
0,0,0,0,0,0,0,0,0,13,0,0,0,2,0,47,0,0,13,47,0,0,0,0
0,0,0,0,0,0,0,0,0,13,0,0,0,2,0,47,0,0,13,47,0,0,0,0
0,0,0,0,0,0,0,0,0,13,0,0,0,2,0,47,0,0,13,47,0,0,0,0
0,0,0,0,0,0,0,0,0,13,0,0,0,2,0,47,0,0,13,47,0,0,0,0
0,0,0,0,0,0,0,0,0,13,0,0,0,2,0,47,0,0,13,47,0,0,0,0
0,0,0,0,0,0,0,0,0,13,0,0,0,2,0,47,0,0,13,47,0,0,0,0
0,0,0,0,0,0,0,0,0,13,0,0,0,2,0,47,0,0,13,47,0,0,0,0
0,0,0,0,0,0,0,0,0,13,0,0,0,2,0,47,0,0,13,47,0,0,0,0
0,0,0,0,0,0,0,0,0,13,0,0,0,2,0,47,0,0,13,47,0,0,0,0
0,0,0,0,0,0,0,0,0,13,0,0,0,2,0,47,0,0,13,47,0,0,0,0
0,0,0,0,0,0,0,0,0,13,0,0,0,2,0,47,0,0,13,47,0,0,0,0
0,0,0,0,0,0,0,0,0,13,0,0,0,2,0,47,0,0,13,47,0,0,0,0
0,0,0,0,0,0,0,0,0,13,0,0,0,2,0,47,0,0,13,47,0,0,0,0
0,0,0,0,0,0,0,0,0,13,0,0,0,2,0,47,0,0,13,47,0,0,0,0
0,0,0,0,0,0,0,0,0,13,0,0,0,2,0,47,0,0,13,47,0,0,0,0
0,0,0,0,0,0,0,0,0,13,0,0,0,2,0,47,0,0,13,47,0,0,0,0
0,0,0,0,0,0,0,0,0,13,0,0,0,2,0,47,0,0,13,47,0,0,0,0
0,0,0,0,0,0,0,0,0,13,0,0,0,2,0,47,0,0,13,47,0,0,0,0
0,0,0,0,0,0,0,0,0,13,0,0,0,2,0,47,0,0,13,47,0,0,0,0
0,0,0,0,0,0,0,0,0,13,0,0,0,2,0,47,0,0,13,47,0,0,0,0
0,0,0,0,0,0,0,0,0,13,0,0,0,2,0,47,0,0,13,47,0,0,0,0
0,0,0,0,0,0,0,0,0,13,0,0,0,2,0,47,0,0,13,47,0,0,0,0
0,0,0,0,0,0,0,0,0,13,0,0,0,2,0,47,0,0,13,47,0,0,0,0
0,0,0,0,0,0,0,0,0,13,0,0,0,2,0,47,0,0,13,47,0,0,0,0
0,0,0,0,0,0,0,0,0,13,0,0,0,2,0,47,0,0,13,47,0,0,0,0
0,0,0,0,0,0,0,0,0,13,0,0,0,2,0,47,0,0,13,47,0,0,0,0
0,0,0,0,0,0,0,0,0,13,0,0,0,2,0,47,0,0,13,47,0,0,0,0
0,0,0,0,0,0,0,0,0,13,0,0,0,2,0,47,0,0,13,47,0,0,0,0
0,0,0,0,0,0,0,0,0,13,0,0,0,2,0,47,0,0,13,47,0,0,0,0
0,0,0,0,0,0,0,0,0,13,0,0,0,2,0,47,0,0,13,47,0,0,0,0
0,0,0,0,0,0,0,0,0,13,0,0,0,2,0,47,0,0,13,47,0,0,0,0
0,0,0,0,0,0,0,0,0,13,0,0,0,2,0,47,0,0,13,47,0,0,0,0
0,0,0,0,0,0,0,0,0,13,0,0,0,2,0,47,0,0,13,47,0,0,0,0
0,0,0,0,0,0,0,0,0,13,0,0,0,2,0,47,0,0,13,47,0,0,0,0
0,0,0,0,0,0,0,0,0,13,0,0,0,2,0,47,0,0,13,47,0,0,0,0
0,0,0,0,0,0,0,0,0,13,0,0,0,2,0,47,0,0,13,47,0,0,0,0
0,0,0,0,0,0,0,0,0,13,0,0,0,2,0,47,0,0,13,47,0,0,0,0
0,0,0,0,0,0,0,0,0,13,0,0,0,2,0,47,0,0,13,47,0,0,0,0
0,0,0,0,0,0,0,0,0,13,0,0,0,2,0,47,0,0,13,47,0,0,0,0
0,0,0,0,0,0,0,0,0,13,0,0,0,2,0,47,0,0,13,47,0,0,0,0
0,0,0,0,0,0,0,0,0,13,0,0,0,2,0,47,0,0,13,47,0,0,0,0
0,0,0,0,0,0,0,0,0,13,0,0,0,2,0,47,0,0,13,47,0,0,0,0
0,0,0,0,0,0,0,0,0,13,0,0,0,2,0,47,0,0,13,47,0,0,0,0
0,0,0,0,0,0,0,0,0,13,0,0,0,2,0,47,0,0,13,47,0,0,0,0
0,0,0,0,0,0,0,0,0,13,0,0,0,2,0,47,0,0,13,47,0,0,0,0
0,0,0,0,0,0,0,0,0,13,0,0,0,2,0,47,0,0,13,47,0,0,0,0
0,0,0,0,0,0,0,0,0,13,0,0,0,2,0,47,0,0,13,47,0,0,0,0
0,0,0,0,0,0,0,0,0,13,0,0,0,2,0,47,0,0,13,47,0,0,0,0
0,0,0,0,0,0,0,0,0,13,0,0,0,2,0,47,0,0,13,47,0,0,0,0
0,0,0,0,0,0,0,0,0,13,0,0,0,2,0,47,0,0,13,47,0,0,0,0
0,0,0,0,0,0,0,0,0,13,0,0,0,2,0,47,0,0,13,47,0,0,0,0
0,0,0,0,0,0,0,0,0,13,0,0,0,2,0,47,0,0,13,47,0,0,0,0
0,0,0,0,0,0,0,0,0,13,0,0,0,2,0,47,0,0,13,47,0,0,0,0
0,0,0,0,0,0,0,0,0,13,0,0,0,2,0,47,0,0,13,47,0,0,0,0
0,0,0,0,0,0,0,0,0,13,0,0,0,2,0,47,0,0,13,47,0,0,0,0
0,0,0,0,0,0,0,0,0,13,0,0,0,2,0,47,0,0,13,47,0,0,0,0
0,0,0,0,0,0,0,0,0,13,0,0,0,2,0,47,0,0,13,47,0,0,0,0
0,0,0,0,0,0,0,0,0,13,0,0,0,2,0,47,0,0,13,47,0,0,0,0
0,0,0,0,0,0,0,0,0,13,0,0,0,2,0,47,0,0,13,47,0,0,0,0
0,0,0,0,0,0,0,0,0,13,0,0,0,2,0,47,0,0,13,47,0,0,0,0
0,0,0,0,0,0,0,0,0,13,0,0,0,2,0,47,0,0,13,47,0,0,0,0
0,0,0,0,0,0,0,0,0,13,0,0,0,2,0,47,0,0,13,47,0,0,0,0
0,0,0,0,0,0,0,0,0,13,0,0,0,2,0,47,0,0,13,47,0,0,0,0
0,0,0,0,0,0,0,0,0,13,0,0,0,2,0,47,0,0,13,47,0,0,0,0
0,0,0,0,0,0,0,0,0,13,0,0,0,2,0,47,0,0,13,47,0,0,0,0
0,0,0,0,0,0,0,0,0,13,0,0,0,2,0,47,0,0,13,47,0,0,0,0
0,0,0,0,0,0,0,0,0,13,0,0,0,2,0,47,0,0,13,47,0,0,0,0
0,0,0,0,0,0,0,0,0,13,0,0,0,2,0,47,0,0,13,47,0,0,0,0
0,0,0,0,0,0,0,0,0,13,0,0,0,2,0,47,0,0,13,47,0,0,0,0
0,0,0,0,0,0,0,0,0,13,0,0,0,2,0,47,0,0,13,47,0,0,0,0
0,0,0,0,0,0,0,0,0,13,0,0,0,2,0,47,0,0,13,47,0,0,0,0
0,0,0,0,0,0,0,0,0,13,0,0,0,2,0,47,0,0,13,47,0,0,0,0
0,0,0,0,0,0,0,0,0,13,0,0,0,2,0,47,0,0,13,47,0,0,0,0
0,0,0,0,0,0,0,0,0,13,0,0,0,2,0,47,0,0,13,47,0,0,0,0
0,0,0,0,0,0,0,0,0,13,0,0,0,2,0,47,0,0,13,47,0,0,0,0
0,0,0,0,0,0,0,0,0,13,0,0,0,2,0,47,0,0,13,47,0,0,0,0
0,0,0,0,0,0,0,0,0,13,0,0,0,2,0,47,0,0,13,47,0,0,0,0
0,0,0,0,0,0,0,0,0,13,0,0,0,2,0,47,0,0,13,47,0,0,0,0
0,0,0,0,0,0,0,0,0,13,0,0,0,2,0,47,0,0,13,47,0,0,0,0
0,0,0,0,0,0,0,0,0,13,0,0,0,2,0,47,0,0,13,47,0,0,0,0
0,0,0,0,0,0,0,0,0,13,0,0,0,2,0,47,0,0,13,47,0,0,0,0
0,0,0,0,0,0,0,0,0,13,0,0,0,2,0,47,0,0,13,47,0,0,0,0
0,0,0,0,0,0,0,0,0,13,0,0,0,2,0,47,0,0,13,47,0,0,0,0
0,0,0,0,0,0,0,0,0,13,0,0,0,2,0,47,0,0,13,47,0,0,0,0
0,0,0,0,0,0,0,0,0,13,0,0,0,2,0,47,0,0,13,47,0,0,0,0
0,0,0,0,0,0,0,0,0,13,0,0,0,2,0,47,0,0,13,47,0,0,0,0
0,0,0,0,0,0,0,0,0,13,0,0,0,2,0,47,0,0,13,47,0,0,0,0
0,0,0,0,0,0,0,0,0,13,0,0,0,2,0,47,0,0,13,47,0,0,0,0
0,0,0,0,0,0,0,0,0,13,0,0,0,2,0,47,0,0,13,47,0,0,0,0
0,0,0,0,0,0,0,0,0,13,0,0,0,2,0,47,0,0,13,47,0,0,0,0
0,0,0,0,0,0,0,0,0,13,0,0,0,2,0,47,0,0,13,47,0,0,0,0
0,0,0,0,0,0,0,0,0,13,0,0,0,2,0,47,0,0,13,47,0,0,0,0
0,0,0,0,0,0,0,0,0,13,0,0,0,2,0,47,0,0,13,47,0,0,0,0
0,0,0,0,0,0,0,0,0,13,0,0,0,2,0,47,0,0,13,47,0,0,0,0
0,0,0,0,0,0,0,0,0,13,0,0,0,2,0,47,0,0,13,47,0,0,0,0
0,0,0,0,0,0,0,0,0,13,0,0,0,2,0,47,0,0,13,47,0,0,0,0
0,0,0,0,0,0,0,0,0,13,0,0,0,2,0,47,0,0,13,47,0,0,0,0
0,0,0,0,0,0,0,0,0,13,0,0,0,2,0,47,0,0,13,47,0,0,0,0
0,0,0,0,0,0,0,0,0,13,0,0,0,2,0,47,0,0,13,47,0,0,0,0
0,0,0,0,0,0,0,0,0,13,0,0,0,2,0,47,0,0,13,47,0,0,0,0
0,0,0,0,0,0,0,0,0,13,0,0,0,2,0,47,0,0,13,47,0,0,0,0
0,0,0,0,0,0,0,0,0,13,0,0,0,2,0,47,0,0,13,47,0,0,0,0
0,0,0,0,0,0,0,0,0,13,0,0,0,2,0,47,0,0,13,47,0,0,0,0
0,0,0,0,0,0,0,0,0,13,0,0,0,2,0,47,0,0,13,47,0,0,0,0
0,0,0,0,0,0,0,0,0,13,0,0,0,2,0,47,0,0,13,47,0,0,0,0
