version,nPorts,mem,alloc,outputPort,reserved0,protIds_01,protIds_02,protIds_03,protIds_04,portId_01,txPending_01,txBytes_01,txUsage_01,txPeakUsage_01,rxPending_01,rxBytes_01,rxUsage_01,rxPeakUsage_01,overrunErrs_01,msgs_01_01,msgs_01_02,msgs_01_03,msgs_01_04,reserved1_01,skipped_01,portId_02,txPending_02,txBytes_02,txUsage_02,txPeakUsage_02,rxPending_02,rxBytes_02,rxUsage_02,rxPeakUsage_02,overrunErrs_02,msgs_02_01,msgs_02_02,msgs_02_03,msgs_02_04,reserved1_02,skipped_02,portId_03,txPending_03,txBytes_03,txUsage_03,txPeakUsage_03,rxPending_03,rxBytes_03,rxUsage_03,rxPeakUsage_03,overrunErrs_03,msgs_03_01,msgs_03_02,msgs_03_03,msgs_03_04,reserved1_03,skipped_03,portId_04,txPending_04,txBytes_04,txUsage_04,txPeakUsage_04,rxPending_04,rxBytes_04,rxUsage_04,rxPeakUsage_04,overrunErrs_04,msgs_04_01,msgs_04_02,msgs_04_03,msgs_04_04,reserved1_04,skipped_04
0,4,0,0,4,0,0,1,5,6,256,0,6126,0,2,0,0,0,0,0,0,0,0,0,0,0,512,0,1127838,0,0,0,1154303,4,5,0,5427,0,0,0,0,68,768,0,353476,13,47,0,16,0,0,0,2,0,0,0,0,0,257,0,1142208,7,8,0,524242,4,4,0,1770,0,0,0,0,0
0,4,0,0,4,0,0,1,5,6,256,0,6200,0,2,0,0,0,0,0,0,0,0,0,0,0,512,0,1133222,0,0,0,1161604,3,5,0,5460,0,0,0,0,68,768,0,359612,13,47,0,16,0,0,0,2,0,0,0,0,0,257,0,1149112,7,8,0,529394,3,4,0,1785,0,0,0,0,0
0,4,0,0,4,0,0,1,5,6,256,0,6274,0,2,0,0,0,0,0,0,0,0,0,0,0,512,0,1138850,0,0,0,1168027,4,5,0,5492,0,0,0,0,68,768,0,366058,13,47,0,16,0,0,0,2,0,0,0,0,0,257,0,1155932,7,8,9,534931,3,4,0,1802,0,0,0,0,0
0,4,0,0,4,0,0,1,5,6,256,0,6348,0,2,0,0,0,0,0,0,0,0,0,0,0,512,0,1144378,0,0,0,1174595,3,5,0,5521,0,0,0,0,68,768,0,371860,13,47,0,16,0,0,0,2,0,0,0,0,0,257,0,1162500,7,8,0,540550,3,4,0,1820,0,0,0,0,0
0,4,0,0,4,0,0,1,5,6,256,0,6422,0,2,0,0,0,0,0,0,0,0,0,0,0,512,0,1149906,0,0,0,1181128,3,5,0,5549,0,0,0,0,68,768,0,377738,13,47,0,16,0,0,0,2,0,0,0,0,0,257,0,1168984,7,8,9,546087,4,4,0,1837,0,0,0,0,0
0,4,0,0,4,0,0,1,5,6,256,0,6496,0,2,0,0,0,0,0,0,0,0,0,0,0,512,0,1155594,0,0,0,1187999,4,5,0,5578,0,0,0,0,68,768,0,383864,13,47,0,16,0,0,0,2,0,0,0,0,0,257,0,1175552,6,8,9,551615,4,4,0,1854,0,0,0,0,0
0,4,0,0,4,0,0,1,5,6,256,0,6570,0,2,0,0,0,0,0,0,0,0,0,0,0,512,0,1161122,0,0,0,1194132,4,5,0,5606,0,0,0,0,68,768,0,389692,13,47,0,16,0,0,0,2,0,0,0,0,0,257,0,1182036,7,8,0,557294,3,4,0,1873,0,0,0,0,0
0,4,0,0,4,0,0,1,5,6,256,0,6644,0,2,0,0,0,0,0,0,0,0,0,0,0,512,0,1166418,0,0,0,1200825,4,5,0,5636,0,0,0,0,68,768,0,395704,13,47,0,16,0,0,0,2,0,0,0,0,0,257,0,1188688,4,8,0,562822,5,5,0,1890,0,0,0,0,0
0,4,0,0,4,0,0,1,5,6,256,0,6718,0,2,0,0,0,0,0,0,0,0,0,0,0,512,0,1171802,0,0,0,1207770,4,5,0,5668,0,0,0,0,68,768,0,402276,13,47,0,16,0,0,0,2,0,0,0,0,0,257,0,1195508,7,8,0,568206,4,5,0,1906,0,0,0,0,0
0,4,0,0,4,0,0,1,5,6,256,0,6792,0,2,0,0,0,0,0,0,0,0,0,0,0,512,0,1177610,0,0,0,1214232,4,5,0,5696,0,0,0,0,68,768,0,407982,13,47,0,16,0,0,0,2,0,0,0,0,0,257,0,1201992,7,8,0,574014,3,5,0,1926,0,0,0,0,0
0,4,0,0,4,0,0,1,5,6,256,0,6866,0,2,0,0,0,0,0,0,0,0,0,0,0,512,0,1182994,0,0,0,1220650,3,5,0,5724,0,0,0,0,68,768,0,413888,13,47,0,16,0,0,0,2,0,0,0,0,0,257,0,1208476,7,8,0,579398,3,5,0,1942,0,0,0,0,0
0,4,0,0,4,0,0,1,5,6,256,0,6940,0,2,0,0,0,0,0,0,0,0,0,0,0,512,0,1188522,0,0,0,1227139,4,5,0,5753,0,0,0,0,68,768,0,420034,13,47,0,16,0,0,0,2,0,0,0,0,0,257,0,1215044,7,8,0,584926,3,5,0,1959,0,0,0,0,0
0,4,0,0,4,0,0,1,5,6,256,0,7014,0,2,0,0,0,0,0,0,0,0,0,0,0,512,0,1193906,0,0,0,1233623,4,5,0,5781,0,0,0,0,68,768,0,425842,13,47,0,16,0,0,0,2,0,0,0,0,0,257,0,1221528,7,8,0,590310,3,5,0,1975,0,0,0,0,0
0,4,0,0,4,0,0,1,5,6,256,0,7088,0,2,0,0,0,0,0,0,0,0,0,0,0,512,0,1199434,0,0,12,1240449,4,5,0,5813,0,0,0,0,68,768,0,432026,13,47,0,16,0,0,0,2,0,0,0,0,0,257,0,1228348,7,8,9,595615,3,5,0,1991,0,0,0,0,0
0,4,0,0,4,0,0,1,5,6,256,0,7162,0,2,0,0,0,0,0,0,0,0,0,0,0,512,0,1205018,0,0,0,1247096,4,5,0,5843,0,0,0,0,68,768,0,438278,13,47,0,16,0,0,0,2,0,0,0,0,0,257,0,1235000,7,8,0,600990,4,5,0,2007,0,0,0,0,0
0,4,0,0,4,0,0,1,5,6,256,0,7236,0,2,0,0,0,0,0,0,0,0,0,0,0,512,0,1210546,0,0,0,1253757,3,5,0,5873,0,0,0,0,68,768,0,444506,13,47,0,16,0,0,0,2,0,0,0,0,0,257,0,1241652,7,8,0,606718,3,5,0,2026,0,0,0,0,0
0,4,0,0,4,0,0,1,5,6,256,0,7310,0,2,0,0,0,0,0,0,0,0,0,0,0,512,0,1216030,0,0,0,1260268,4,5,0,5901,0,0,0,0,68,768,0,450550,13,47,0,16,0,0,0,2,0,0,0,0,0,257,0,1248136,7,8,13,612115,3,5,0,2042,0,0,0,0,0
0,4,0,0,4,0,0,1,5,6,256,0,7384,0,2,0,0,0,0,0,0,0,0,0,0,0,512,0,1221326,0,0,0,1266883,4,5,0,5931,0,0,0,0,68,768,0,456856,13,47,0,16,0,0,0,2,0,0,0,0,0,257,0,1254788,7,8,0,617730,4,5,0,2060,0,0,0,0,0
0,4,0,0,4,0,0,1,5,6,256,0,7458,0,2,0,0,0,0,0,0,0,0,0,0,0,512,0,1226710,0,0,0,1273477,3,5,0,5959,0,0,0,0,68,768,0,462872,13,47,0,16,0,0,0,2,0,0,0,0,0,257,0,1261272,7,8,0,623114,3,5,0,2076,0,0,0,0,0
0,4,0,0,4,0,0,1,5,6,256,0,7532,0,2,0,0,0,0,0,0,0,0,0,0,0,512,0,1232318,0,0,0,1280301,4,5,0,5989,0,0,0,0,68,768,0,468984,13,47,0,16,0,0,0,2,0,0,0,0,0,257,0,1267924,7,8,0,628722,3,5,0,2094,0,0,0,0,0
0,4,0,0,4,0,0,1,5,6,256,0,7606,0,2,0,0,0,0,0,0,0,0,0,0,0,512,0,1237702,0,0,0,1286813,4,5,0,6018,0,0,0,0,68,768,0,475646,13,47,0,16,0,0,0,2,0,0,0,0,0,257,0,1274492,7,8,0,634106,4,5,0,2110,0,0,0,0,0
0,4,0,0,4,0,0,1,5,6,256,0,7680,0,2,0,0,0,0,0,0,0,0,0,0,0,512,0,1243230,0,0,0,1293239,4,5,0,6048,0,0,0,0,68,768,0,482074,13,47,0,16,0,0,0,2,0,0,0,0,0,257,0,1281144,7,8,0,639634,4,5,0,2127,0,0,0,0,0
0,4,0,0,4,0,0,1,5,6,256,0,7754,0,2,0,0,0,0,0,0,0,0,0,0,0,512,0,1248614,0,0,0,1299777,3,5,0,6076,0,0,0,0,68,768,0,488458,13,47,0,16,0,0,0,2,0,0,0,0,0,257,0,1287628,7,8,0,645018,5,5,0,2143,0,0,0,0,0
0,4,0,0,4,0,0,1,5,6,256,0,7828,0,2,0,0,0,0,0,0,0,0,0,0,0,512,0,1254242,0,0,0,1306503,4,5,0,6107,0,0,0,0,68,768,0,495296,13,47,0,16,0,0,0,2,0,0,0,0,0,257,0,1294364,4,8,0,650646,4,5,0,2161,0,0,0,0,0
0,4,0,0,4,0,0,1,5,6,256,0,7902,0,2,0,0,0,0,0,0,0,0,0,0,0,512,0,1259626,0,0,0,1312970,4,5,0,6135,0,0,0,0,68,768,0,501526,13,47,0,16,0,0,0,2,0,0,0,0,0,257,0,1300848,6,8,0,656030,3,5,0,2177,0,0,0,0,0
0,4,0,0,4,0,0,1,5,6,256,0,7976,0,2,0,0,0,0,0,0,0,0,0,0,0,512,0,1265154,0,0,0,1319935,4,5,0,6169,0,0,0,0,68,768,0,508420,13,47,0,16,0,0,0,2,0,0,0,0,0,257,0,1307836,7,8,0,661326,3,5,0,2193,0,0,0,0,0
0,4,0,0,4,0,0,1,5,6,256,0,8050,0,2,0,0,0,0,0,0,0,0,0,0,0,512,0,1270306,0,0,0,1326631,4,5,0,6199,0,0,0,0,68,768,0,515400,13,47,0,16,0,0,0,2,0,0,0,0,0,257,0,1314488,7,8,0,666710,4,5,0,2209,0,0,0,0,0
0,4,0,0,4,0,0,1,5,6,256,0,8124,0,2,0,0,0,0,0,0,0,0,0,0,0,512,0,1276082,0,0,0,1333434,4,5,0,6230,0,0,0,0,68,768,0,522164,13,47,0,16,0,0,0,2,0,0,0,0,0,257,0,1321224,7,8,0,672486,4,5,0,2227,0,0,0,0,0
0,4,0,0,4,0,0,1,5,6,256,0,8198,0,2,0,0,0,0,0,0,0,0,0,0,0,512,0,1281510,0,0,0,1339884,4,5,0,6258,0,0,0,0,68,768,0,528856,13,47,0,16,0,0,0,2,0,0,0,0,0,257,0,1327708,7,8,0,677914,3,5,0,2244,0,0,0,0,0
0,4,0,0,4,0,0,1,5,6,256,0,8272,0,2,0,0,0,0,0,0,0,0,0,0,0,512,0,1287038,0,0,0,1346887,4,5,0,6289,0,0,0,0,68,768,0,535740,13,47,0,16,0,0,0,2,0,0,0,0,0,257,0,1334444,7,8,0,683442,4,5,0,2261,0,0,0,0,0
0,4,0,0,4,0,0,1,5,6,256,0,8346,0,2,0,0,0,0,0,0,0,0,0,0,0,512,0,1292422,0,0,0,1353152,4,5,0,6317,0,0,0,0,68,768,0,542448,13,47,0,16,0,0,0,2,0,0,0,0,0,257,0,1340928,7,8,0,688826,4,5,0,2277,0,0,0,0,0
0,4,0,0,4,0,0,1,5,6,256,0,8420,0,2,0,0,0,0,0,0,0,0,0,0,0,512,0,1297718,0,0,0,1359866,3,5,0,6349,0,0,0,0,68,768,0,549124,13,47,0,16,0,0,0,2,0,0,0,0,0,257,0,1347748,7,8,0,694122,4,5,0,2293,0,0,0,0,0
0,4,0,0,4,0,0,1,5,6,256,0,8494,0,2,0,0,0,0,0,0,0,0,0,0,0,512,0,1303246,0,0,0,1366532,4,5,0,6379,0,0,0,0,68,768,0,556664,13,47,0,16,0,0,0,2,0,0,0,0,0,257,0,1354400,7,8,0,699650,3,5,0,2310,0,0,0,0,0
0,4,0,0,4,0,0,1,5,6,256,0,8568,0,2,0,0,0,0,0,0,0,0,0,0,0,512,0,1308630,0,0,0,1373319,4,5,0,6411,0,0,0,0,68,768,0,563356,13,47,0,16,0,0,0,2,0,0,0,0,0,257,0,1361220,7,8,0,705034,4,5,0,2326,0,0,0,0,0
0,4,0,0,4,0,0,1,5,6,256,0,8642,0,2,0,0,0,0,0,0,0,0,0,0,0,512,0,1314158,0,0,0,1380009,4,5,0,6439,0,0,0,0,68,768,0,570160,13,47,0,16,0,0,0,2,0,0,0,0,0,257,0,1367704,7,8,0,710562,4,5,0,2343,0,0,0,0,0
0,4,0,0,4,0,0,1,5,6,256,0,8716,0,2,0,0,0,0,0,0,0,0,0,0,0,512,0,1319786,0,0,0,1386709,3,5,0,6471,0,0,0,0,68,768,0,577220,13,47,0,16,0,0,0,2,0,0,0,0,0,257,0,1374524,7,8,0,716190,4,5,0,2361,0,0,0,0,0
0,4,0,0,4,0,0,1,5,6,256,0,8790,0,2,0,0,0,0,0,0,0,0,0,0,0,512,0,1325374,0,0,0,1393284,3,5,0,6499,0,0,0,0,68,768,0,584000,13,47,0,16,0,0,0,2,0,0,0,0,0,257,0,1381008,6,8,0,721778,4,5,0,2379,0,0,0,0,0
0,4,0,0,4,0,0,1,5,6,256,0,8864,0,2,0,0,0,0,0,0,0,0,0,0,0,512,0,1331002,0,0,0,1400410,4,5,0,6536,0,0,0,0,68,768,0,591484,13,47,0,16,0,0,0,2,0,0,0,0,0,257,0,1388248,7,8,0,727406,3,5,0,2397,0,0,0,0,0
0,4,0,0,4,0,0,1,5,6,256,0,8938,0,2,0,0,0,0,0,0,0,0,0,0,0,512,0,1336530,0,0,0,1406915,4,5,0,6565,0,0,0,0,68,768,0,598664,13,47,0,16,0,0,0,2,0,0,0,0,0,257,0,1394816,7,8,0,732934,4,5,0,2414,0,0,0,0,0
0,4,0,0,4,0,0,1,5,6,256,0,9012,0,2,0,0,0,0,0,0,0,0,0,0,0,512,0,1341782,0,0,0,1413633,4,5,0,6596,0,0,0,0,68,768,0,605364,13,47,0,16,0,0,0,2,0,0,0,0,0,257,0,1401552,6,8,0,738086,3,5,0,2429,0,0,0,0,0
0,4,0,0,4,0,0,1,5,6,256,0,9086,0,2,0,0,0,0,0,0,0,0,0,0,0,512,0,1347390,0,0,0,1420290,4,5,0,6624,0,0,0,0,68,768,0,612016,13,47,0,16,0,0,0,2,0,0,0,0,0,257,0,1408036,7,8,0,743794,3,5,0,2448,0,0,0,0,0
0,4,0,0,4,0,0,1,5,6,256,0,9160,0,2,0,0,0,0,0,0,0,0,0,0,0,512,0,1352774,0,0,0,1426871,4,5,0,6655,0,0,0,0,68,768,0,618892,13,47,0,16,0,0,0,2,0,0,0,0,0,257,0,1414772,7,8,0,749178,2,5,0,2464,0,0,0,0,0
0,4,0,0,4,0,0,1,5,6,256,0,9234,0,2,0,0,0,0,0,0,0,0,0,0,0,512,0,1358302,0,0,0,1433357,3,5,0,6683,0,0,0,0,68,768,0,625542,13,47,0,16,0,0,0,2,0,0,0,0,0,257,0,1421256,7,8,0,754706,4,5,0,2481,0,0,0,0,0
0,4,0,0,4,0,0,1,5,6,256,0,9308,0,2,0,0,0,0,0,0,0,0,0,0,0,512,0,1363686,0,0,0,1440181,3,5,0,6715,0,0,0,0,68,768,0,634966,13,47,0,136,0,0,0,10,0,0,0,0,0,257,0,1428076,7,8,0,760090,4,5,0,2497,0,0,0,0,0
0,4,0,0,4,0,0,1,5,6,256,0,9382,0,2,0,0,0,0,0,0,0,0,0,0,0,512,0,1369314,0,0,0,1446832,3,5,0,6745,0,0,0,0,68,768,0,647386,14,47,0,376,0,0,0,25,0,0,0,0,0,257,0,1434728,6,8,0,765718,3,5,0,2515,0,0,0,0,0
0,4,0,0,4,0,0,1,5,6,256,0,9456,0,2,0,0,0,0,0,0,0,0,0,0,0,512,0,1374698,0,0,0,1453881,3,5,0,6777,0,0,0,0,68,768,0,655118,13,47,0,408,0,0,0,27,0,0,0,0,0,257,0,1441548,6,8,0,770870,3,5,0,2530,0,0,0,0,0
0,4,0,0,4,0,0,1,5,6,256,0,9530,0,2,0,0,0,0,0,0,0,0,0,0,0,512,0,1379994,0,0,0,1460127,3,5,0,6805,0,0,0,0,68,768,0,661734,13,47,0,408,0,0,0,27,0,0,0,0,0,257,0,1448032,7,8,0,776398,4,5,0,2547,0,0,0,0,0
0,4,0,0,4,0,0,1,5,6,256,0,9604,0,2,0,0,0,0,0,0,0,0,0,0,0,512,0,1385578,0,0,0,1466959,4,5,0,6837,0,0,0,0,68,768,0,668986,13,47,0,408,0,0,0,27,0,0,0,0,0,257,0,1454852,7,8,0,781982,4,5,0,2565,0,0,0,0,0
0,4,0,0,4,0,0,1,5,6,256,0,9678,0,2,0,0,0,0,0,0,0,0,0,0,0,512,0,1391306,0,0,0,1473554,3,5,0,6865,0,0,0,0,68,768,0,675860,13,47,0,408,0,0,0,27,0,0,0,0,0,257,0,1461336,6,8,0,787710,4,5,0,2584,0,0,0,0,0
0,4,0,0,4,0,0,1,5,6,256,0,9752,0,2,0,0,0,0,0,0,0,0,0,0,0,512,0,1396690,0,0,0,1480503,3,5,0,6900,0,0,0,0,68,768,0,683270,13,47,0,408,0,0,0,27,0,0,0,0,0,257,0,1468408,7,8,9,792871,4,5,0,2599,0,0,0,0,0
0,4,0,0,4,0,0,1,5,6,256,0,9826,0,2,0,0,0,0,0,0,0,0,0,0,0,512,0,1401986,0,0,0,1487377,4,5,0,6930,0,0,0,0,68,768,0,690648,13,47,0,408,0,0,0,27,0,0,0,0,0,257,0,1475060,7,8,0,798390,4,5,0,2616,0,0,0,0,0
0,4,0,0,4,0,0,1,5,6,256,0,9900,0,2,0,0,0,0,0,0,0,0,0,0,0,512,0,1407370,0,0,0,1494220,3,5,0,6964,0,0,0,0,68,768,0,697666,13,47,0,408,0,0,0,27,0,0,0,0,0,257,0,1482048,7,8,0,803774,4,5,0,2632,0,0,0,0,0
0,4,0,0,4,0,0,1,5,6,256,0,9974,0,2,0,0,0,0,0,0,0,0,0,0,0,512,0,1412978,0,0,0,1500773,4,5,0,6992,0,0,0,0,68,768,0,704642,13,47,0,408,0,0,0,27,0,0,0,0,0,257,0,1488532,7,8,0,809382,4,5,0,2650,0,0,0,0,0
0,4,0,0,4,0,0,1,5,6,256,0,10048,0,2,0,0,0,0,0,0,0,0,0,0,0,512,0,1418362,0,0,0,1507993,4,5,0,7026,0,0,0,0,68,768,0,711832,13,47,0,408,0,0,0,27,0,0,0,0,0,257,0,1495520,7,8,0,814766,3,5,0,2666,0,0,0,0,0
0,4,0,0,4,0,0,1,5,6,256,0,10122,0,2,0,0,0,0,0,0,0,0,0,0,0,512,0,1423890,0,0,0,1514224,4,5,0,7054,0,0,0,0,68,768,0,718742,13,47,0,408,0,0,0,27,0,0,0,0,0,257,0,1502004,7,8,0,820294,4,5,0,2683,0,0,0,0,0
0,4,0,0,4,0,0,1,5,6,256,0,10196,0,2,0,0,0,0,0,0,0,0,0,0,0,512,0,1429274,0,0,0,1521147,4,5,0,7087,0,0,0,0,68,768,0,726020,13,47,0,408,0,0,0,27,0,0,0,0,0,257,0,1508908,7,8,0,825446,4,5,0,2698,0,0,0,0,0
0,4,0,0,4,0,0,1,5,6,256,0,10270,0,2,0,0,0,0,0,0,0,0,0,0,0,512,0,1434570,0,0,0,1528135,5,5,0,7119,0,0,0,0,68,768,0,733672,13,47,0,408,0,0,0,27,0,0,0,0,0,257,0,1515728,7,8,0,830974,2,5,0,2715,0,0,0,0,0
0,4,0,0,4,0,0,1,5,6,256,0,10344,0,2,0,0,0,0,0,0,0,0,0,0,0,512,0,1440098,0,0,0,1534968,4,5,0,7153,0,0,0,0,68,768,0,740868,13,47,0,408,0,0,0,27,0,0,0,0,0,257,0,1522716,7,8,0,836502,4,5,0,2732,0,0,0,0,0
0,4,0,0,4,0,0,1,5,6,256,0,10418,0,2,0,0,0,0,0,0,0,0,0,0,0,512,0,1445482,0,0,0,1541303,5,5,0,7181,0,0,0,0,68,768,0,747736,13,47,0,408,0,0,0,27,0,0,0,0,0,257,0,1529200,7,8,0,841886,4,5,0,2748,0,0,0,0,0
0,4,0,0,4,0,0,1,5,6,256,0,10492,0,2,0,0,0,0,0,0,0,0,0,0,0,512,0,1451010,0,0,0,1548676,4,5,0,7214,0,0,0,0,68,768,0,755364,13,47,0,408,0,0,0,27,0,0,0,0,0,257,0,1536104,7,8,0,847414,4,5,0,2765,0,0,0,0,0
0,4,0,0,4,0,0,1,5,6,256,0,10566,0,2,0,0,0,0,0,0,0,0,0,0,0,512,0,1456538,0,0,0,1554776,3,5,0,7242,0,0,0,0,68,768,0,762582,13,47,0,408,0,0,0,27,0,0,0,0,0,257,0,1542588,7,8,0,852942,3,5,0,2782,0,0,0,0,0
0,4,0,0,4,0,0,1,5,6,256,0,10640,0,2,0,0,0,0,0,0,0,0,0,0,0,512,0,1462066,0,0,0,1562195,4,5,0,7280,0,0,0,0,68,768,0,770624,13,47,0,408,0,0,0,27,0,0,0,0,0,257,0,1549912,7,8,0,858470,3,5,0,2799,0,0,0,0,0
0,4,0,0,4,0,0,1,5,6,256,0,10714,0,2,0,0,0,0,0,0,0,0,0,0,0,512,0,1467362,0,0,0,1569120,4,5,0,7311,0,0,0,0,68,768,0,778642,13,47,0,408,0,0,0,27,0,0,0,0,0,257,0,1556648,7,8,0,863766,3,5,0,2815,0,0,0,0,0
0,4,0,0,4,0,0,1,5,6,256,0,10788,0,2,0,0,0,0,0,0,0,0,0,0,0,512,0,1472846,0,0,0,1575889,3,5,0,7346,0,0,0,0,68,768,0,786252,13,47,0,408,0,0,0,27,0,0,0,0,0,257,0,1563720,7,8,0,869250,3,5,0,2832,0,0,0,0,0
0,4,0,0,4,0,0,1,5,6,256,0,10862,0,2,0,0,0,0,0,0,0,0,0,0,0,512,0,1478374,0,0,0,1582441,4,5,0,7374,0,0,0,0,68,768,0,793258,13,47,0,408,0,0,0,27,0,0,0,0,0,257,0,1570204,7,8,0,874778,4,5,0,2849,0,0,0,0,0
0,4,0,0,4,0,0,1,5,6,256,0,10936,0,2,0,0,0,0,0,0,0,0,0,0,0,512,0,1483902,0,0,0,1589695,4,5,0,7408,0,0,0,0,68,768,0,801098,13,47,0,408,0,0,0,27,0,0,0,0,0,257,0,1577192,7,8,0,880306,4,5,0,2866,0,0,0,0,0
0,4,0,0,4,0,0,1,5,6,256,0,11010,0,2,0,0,0,0,0,0,0,0,0,0,0,512,0,1489690,0,0,0,1595973,3,5,0,7436,0,0,0,0,68,768,0,808202,13,47,0,408,0,0,0,27,0,0,0,0,0,257,0,1583676,7,8,0,886094,3,5,0,2886,0,0,0,0,0
0,4,0,0,4,0,0,1,5,6,256,0,11084,0,2,0,0,0,0,0,0,0,0,0,0,0,512,0,1495074,0,0,0,1602839,3,5,0,7471,0,0,0,0,68,768,0,815602,13,47,0,408,0,0,0,27,0,0,0,0,0,257,0,1590748,7,8,9,891255,2,5,0,2901,0,0,0,0,0
0,4,0,0,4,0,0,1,5,6,256,0,11158,0,2,0,0,0,0,0,0,0,0,0,0,0,512,0,1500370,0,0,0,1609710,4,5,0,7501,0,0,0,0,68,768,0,823274,13,47,0,408,0,0,0,27,0,0,0,0,0,257,0,1597400,7,8,0,896774,4,5,0,2918,0,0,0,0,0
0,4,0,0,4,0,0,1,5,6,256,0,11232,0,2,0,0,0,0,0,0,0,0,0,0,0,512,0,1506178,0,0,0,1616540,3,5,0,7534,0,0,0,0,68,768,0,830610,13,47,0,408,0,0,0,27,0,0,0,0,0,257,0,1604304,7,8,0,902582,3,5,0,2938,0,0,0,0,0
0,4,0,0,4,0,0,1,5,6,256,0,11306,0,2,0,0,0,0,0,0,0,0,0,0,0,512,0,1511606,0,0,0,1623038,3,5,0,7562,0,0,0,0,68,768,0,837642,13,47,0,408,0,0,0,27,0,0,0,0,0,257,0,1610788,7,8,0,908010,4,5,0,2955,0,0,0,0,0
0,4,0,0,4,0,0,1,5,6,256,0,11380,0,2,0,0,0,0,0,0,0,0,0,0,0,512,0,1517134,0,0,0,1630001,4,5,0,7594,0,0,0,0,68,768,0,845168,13,47,0,408,0,0,0,27,0,0,0,0,0,257,0,1617608,7,8,0,913538,4,5,0,2972,0,0,0,0,0
0,4,0,0,4,0,0,1,5,6,256,0,11454,0,2,0,0,0,0,0,0,0,0,0,0,0,512,0,1522518,0,0,0,1636439,3,5,0,7623,0,0,0,0,68,768,0,852366,13,47,0,408,0,0,0,27,0,0,0,0,0,257,0,1624176,7,8,0,918922,2,5,0,2988,0,0,0,0,0
0,4,0,0,4,0,0,1,5,6,256,0,11528,0,2,0,0,0,0,0,0,0,0,0,0,0,512,0,1528046,0,0,12,1643644,4,5,0,7661,0,0,0,0,68,768,0,860260,13,47,0,408,0,0,0,27,0,0,0,0,0,257,0,1631500,7,8,0,924450,4,5,0,3005,0,0,0,0,0
0,4,0,0,4,0,0,1,5,6,256,0,11602,0,2,0,0,0,0,0,0,0,0,0,0,0,512,0,1533974,0,0,0,1650198,4,5,0,7690,0,0,0,0,68,768,0,867676,13,47,0,408,0,0,0,27,0,0,0,0,0,257,0,1638068,7,8,0,930378,3,5,0,3026,0,0,0,0,0
0,4,0,0,4,0,0,1,5,6,256,0,11676,0,2,0,0,0,0,0,0,0,0,0,0,0,512,0,1539358,0,0,0,1657116,3,5,0,7723,0,0,0,0,68,768,0,875036,13,47,0,408,0,0,0,27,0,0,0,0,0,257,0,1644972,7,8,0,935530,4,5,0,3041,0,0,0,0,0
0,4,0,0,4,0,0,1,5,6,256,0,11750,0,2,0,0,0,0,0,0,0,0,0,0,0,512,0,1544886,0,0,0,1663551,4,5,0,7751,0,0,0,0,68,768,0,882212,13,47,0,408,0,0,0,27,0,0,0,0,0,257,0,1651456,7,8,0,941058,3,5,0,3058,0,0,0,0,0
0,4,0,0,4,0,0,1,5,6,256,0,11824,0,2,0,0,0,0,0,0,0,0,0,0,0,512,0,1550038,0,0,0,1670455,3,5,0,7784,0,0,0,0,68,768,0,889916,13,47,0,408,0,0,0,27,0,0,0,0,0,257,0,1658360,7,8,0,946442,4,5,0,3074,0,0,0,0,0
0,4,0,0,4,0,0,1,5,6,256,0,11898,0,2,0,0,0,0,0,0,0,0,0,0,0,512,0,1555566,0,0,0,1677077,4,5,0,7812,0,0,0,0,68,768,0,897070,13,47,0,408,0,0,0,27,0,0,0,0,0,257,0,1664844,7,8,0,951970,3,5,0,3091,0,0,0,0,0
0,4,0,0,4,0,0,1,5,6,256,0,11972,0,2,0,0,0,0,0,0,0,0,0,0,0,512,0,1560950,0,0,0,1683984,4,5,0,7845,0,0,0,0,68,768,0,904932,13,47,0,408,0,0,0,27,0,0,0,0,0,257,0,1671748,7,8,0,957354,3,5,0,3107,0,0,0,0,0
0,4,0,0,4,0,0,1,5,6,256,0,12046,0,2,0,0,0,0,0,0,0,0,0,0,0,512,0,1566478,0,0,0,1690931,4,5,0,7875,0,0,0,0,68,768,0,912786,13,47,0,408,0,0,0,27,0,0,0,0,0,257,0,1678400,7,8,0,962882,3,5,0,3124,0,0,0,0,0
0,4,0,0,4,0,0,1,5,6,256,0,12120,0,2,0,0,0,0,0,0,0,0,0,0,0,512,0,1571862,0,0,0,1697593,4,5,0,7908,0,0,0,0,68,768,0,920584,13,47,0,408,0,0,0,27,0,0,0,0,0,257,0,1685304,7,8,0,968266,4,5,0,3140,0,0,0,0,0
0,4,0,0,4,0,0,1,5,6,256,0,12198,0,2,0,0,0,0,0,0,0,0,0,0,0,512,0,1577390,0,0,0,1704137,4,5,0,7936,0,0,0,0,68,768,0,928022,13,47,0,408,0,0,0,27,0,0,0,0,0,257,0,1691788,7,8,0,973794,3,5,0,3157,0,0,0,0,0
0,4,0,0,4,0,0,1,5,6,256,0,12276,0,2,0,0,0,0,0,0,0,0,0,0,0,512,0,1582542,0,0,0,1710787,3,5,0,7969,0,0,0,0,68,768,0,936180,13,47,0,408,0,0,0,27,0,0,0,0,0,257,0,1698692,7,8,0,978946,4,5,0,3172,0,0,0,0,0
0,4,0,0,4,0,0,1,5,6,256,0,12354,0,2,0,0,0,0,0,0,0,0,0,0,0,512,0,1588070,0,0,0,1717338,4,5,0,7997,0,0,0,0,68,768,0,943850,13,47,0,408,0,0,0,27,0,0,0,0,0,257,0,1705176,7,8,0,984474,3,5,0,3189,0,0,0,0,0
0,4,0,0,4,0,0,1,5,6,256,0,12432,0,2,0,0,0,0,0,0,0,0,0,0,0,512,0,1593454,0,0,0,1724534,4,5,0,8034,0,0,0,0,68,768,0,952184,13,47,0,408,0,0,0,27,0,0,0,0,0,257,0,1712416,7,8,0,989858,3,5,0,3205,0,0,0,0,0
0,4,0,0,4,0,0,1,5,6,256,0,12510,0,2,0,0,0,0,0,0,0,0,0,0,0,512,0,1598982,0,0,0,1731163,4,5,0,8064,0,0,0,0,68,768,0,960430,13,47,0,408,0,0,0,27,0,0,0,0,0,257,0,1719068,7,8,0,995386,4,5,0,3222,0,0,0,0,0
0,4,0,0,4,0,0,1,5,6,256,0,12588,0,2,0,0,0,0,0,0,0,0,0,0,0,512,0,1604366,0,0,0,1738420,3,5,0,8099,0,0,0,0,68,768,0,968540,13,47,0,408,0,0,0,27,0,0,0,0,0,257,0,1726140,7,8,0,1000770,4,5,0,3238,0,0,0,0,0
0,4,0,0,4,0,0,1,5,6,256,0,12666,0,2,0,0,0,0,0,0,0,0,0,0,0,512,0,1609894,0,0,0,1744846,3,5,0,8127,0,0,0,0,68,768,0,976082,13,47,0,408,0,0,0,27,0,0,0,0,0,257,0,1732624,7,8,0,1006298,3,5,0,3255,0,0,0,0,0
0,4,0,0,4,0,0,1,5,6,256,0,12744,0,2,0,0,0,0,0,0,0,0,0,0,0,512,0,1615278,0,0,0,1751777,4,5,0,8162,0,0,0,0,68,768,0,984406,13,47,0,408,0,0,0,27,0,0,0,0,0,257,0,1739696,7,8,0,1011682,3,5,0,3271,0,0,0,0,0
0,4,0,0,4,0,0,1,5,6,256,0,12822,0,2,0,0,0,0,0,0,0,0,0,0,0,512,0,1620806,0,0,0,1758456,4,5,0,8190,0,0,0,0,68,768,0,992046,13,47,0,408,0,0,0,27,0,0,0,0,0,257,0,1746180,7,8,0,1017210,4,5,0,3288,0,0,0,0,0
0,4,0,0,4,0,0,1,5,6,256,0,12900,0,2,0,0,0,0,0,0,0,0,0,0,0,512,0,1626190,0,0,0,1765465,3,5,0,8226,0,0,0,0,68,768,0,1000286,13,47,0,408,0,0,0,27,0,0,0,0,0,257,0,1753336,7,8,0,1022594,3,5,0,3304,0,0,0,0,0
0,4,0,0,4,0,0,1,5,6,256,0,12978,0,2,0,0,0,0,0,0,0,0,0,0,0,512,0,1631718,0,0,0,1772412,4,5,0,8259,0,0,0,0,68,768,0,1008926,13,47,0,408,0,0,0,27,0,0,0,0,0,257,0,1760240,7,8,0,1027890,4,5,0,3320,0,0,0,0,0
0,4,0,0,4,0,0,1,5,6,256,0,13056,0,2,0,0,0,0,0,0,0,0,0,0,0,512,0,1637014,0,0,0,1779532,4,5,0,8295,0,0,0,0,68,768,0,1017126,13,47,0,408,0,0,0,27,0,0,0,0,0,257,0,1767396,7,8,0,1033418,4,5,0,3337,0,0,0,0,0
0,4,0,0,4,0,0,1,5,6,256,0,13134,0,2,0,0,0,0,0,0,0,0,0,0,0,512,0,1642398,0,0,0,1785970,4,5,0,8323,0,0,0,0,68,768,0,1024814,13,47,0,408,0,0,0,27,0,0,0,0,0,257,0,1773880,7,8,0,1038802,4,5,0,3353,0,0,0,0,0
0,4,0,0,4,0,0,1,5,6,256,0,13212,0,2,0,0,0,0,0,0,0,0,0,0,0,512,0,1647926,0,0,0,1793047,3,5,0,8358,0,0,0,0,68,768,0,1033380,13,47,0,408,0,0,0,27,0,0,0,0,0,257,0,1780952,7,8,0,1044330,4,5,0,3370,0,0,0,0,0
0,4,0,0,4,0,0,1,5,6,256,0,13290,0,2,0,0,0,0,0,0,0,0,0,0,0,512,0,1653370,0,0,0,1799742,4,5,0,8386,0,0,0,0,68,768,0,1041010,13,47,0,408,0,0,0,27,0,0,0,0,0,257,0,1787436,7,8,0,1049774,4,5,0,3387,0,0,0,0,0
0,4,0,0,4,0,0,1,5,6,256,0,13368,0,2,0,0,0,0,0,0,0,0,0,0,0,512,0,1659098,0,0,0,1806688,3,5,0,8422,0,0,0,0,68,768,0,1049232,13,47,0,408,0,0,0,27,0,0,0,0,0,257,0,1794592,7,8,0,1055502,4,5,0,3406,0,0,0,0,0
0,4,0,0,4,0,0,1,5,6,256,0,13446,0,2,0,0,0,0,0,0,0,0,0,0,0,512,0,1664806,0,0,0,1813319,3,5,0,8451,0,0,0,0,68,768,0,1057462,13,47,0,408,0,0,0,27,0,0,0,0,0,257,0,1801160,7,8,0,1061210,4,5,0,3425,0,0,0,0,0
0,4,0,0,4,0,0,1,5,6,256,0,13524,0,2,0,0,0,0,0,0,0,0,0,0,0,512,0,1670378,0,0,0,1820244,4,5,0,8485,0,0,0,0,68,768,0,1065560,13,47,0,408,0,0,0,27,0,0,0,0,0,257,0,1808148,7,8,0,1066782,4,5,0,3443,0,0,0,0,0
0,4,0,0,4,0,0,1,5,6,256,0,13602,0,2,0,0,0,0,0,0,0,0,0,0,0,512,0,1676006,0,0,0,1826727,5,5,0,8513,0,0,0,0,68,768,0,1073322,13,47,0,408,0,0,0,27,0,0,0,0,0,257,0,1814632,7,8,9,1072087,5,5,0,3459,0,0,0,0,0
0,4,0,0,4,0,0,1,5,6,256,0,13680,0,2,0,0,0,0,0,0,0,0,0,0,0,512,0,1681302,0,0,0,1833821,4,5,0,8548,0,0,0,0,68,768,0,1081848,13,47,0,408,0,0,0,27,0,0,0,0,0,257,0,1821704,7,8,0,1077706,4,5,0,3477,0,0,0,0,0
0,4,0,0,4,0,0,1,5,6,256,0,13758,0,2,0,0,0,0,0,0,0,0,0,0,0,512,0,1686686,0,0,0,1840591,5,5,0,8576,0,0,0,0,68,768,0,1089532,13,47,0,408,0,0,0,27,0,0,0,0,0,257,0,1828188,6,8,0,1083090,4,5,0,3493,0,0,0,0,0
0,4,0,0,4,0,0,1,5,6,256,0,13836,0,2,0,0,0,0,0,0,0,0,0,0,0,512,0,1692214,0,0,0,1847479,5,5,0,8612,0,0,0,0,68,768,0,1097778,13,47,0,408,0,0,0,27,0,0,0,0,0,257,0,1835344,7,8,0,1088618,4,5,0,3510,0,0,0,0,0
0,4,0,0,4,0,0,1,5,6,256,0,13914,0,2,0,0,0,0,0,0,0,0,0,0,0,512,0,1697698,0,0,0,1854175,4,5,0,8643,0,0,0,0,68,768,0,1106248,13,47,0,408,0,0,0,27,0,0,0,0,0,257,0,1842080,6,8,0,1094102,3,5,0,3527,0,0,0,0,0
0,4,0,0,4,0,0,1,5,6,256,0,13992,0,2,0,0,0,0,0,0,0,0,0,0,0,512,0,1703226,0,0,0,1861367,4,5,0,8678,0,0,0,0,68,768,0,1114478,13,47,0,408,0,0,0,27,0,0,0,0,0,257,0,1849152,7,8,0,1099630,4,5,0,3544,0,0,0,0,0
0,4,0,0,4,0,0,1,5,6,256,0,14070,0,2,0,0,0,0,0,0,0,0,0,0,0,512,0,1708754,0,0,0,1867914,4,5,0,8706,0,0,0,0,68,768,0,1122100,13,47,0,408,0,0,0,27,0,0,0,0,0,257,0,1855636,7,8,0,1105158,4,5,0,3561,0,0,0,0,0
0,4,0,0,4,0,0,1,5,6,256,0,14148,0,2,0,0,0,0,0,0,0,0,0,0,0,512,0,1714438,0,0,0,1874719,3,5,0,8740,0,0,0,0,68,768,0,1130662,13,47,0,408,0,0,0,27,0,0,0,0,0,257,0,1862624,7,8,0,1110842,3,5,0,3580,0,0,0,0,0
0,4,0,0,4,0,0,1,5,6,256,0,14226,0,2,0,0,0,0,0,0,0,0,0,0,0,512,0,1719966,0,0,0,1881227,5,5,0,8768,0,0,0,0,68,768,0,1138576,13,47,0,408,0,0,0,27,0,0,0,0,0,257,0,1869108,7,8,0,1116370,3,5,0,3597,0,0,0,0,0
0,4,0,0,4,0,0,1,5,6,256,0,14304,0,2,0,0,0,0,0,0,0,0,0,0,0,512,0,1725350,0,0,0,1888360,4,5,0,8804,0,0,0,0,68,768,0,1147034,13,47,0,408,0,0,0,27,0,0,0,0,0,257,0,1876264,7,8,9,1121531,4,5,0,3612,0,0,0,0,0
0,4,0,0,4,0,0,1,5,6,256,0,14382,0,2,0,0,0,0,0,0,0,0,0,0,0,512,0,1730646,0,0,0,1895663,4,5,0,8835,0,0,0,0,68,768,0,1155676,13,47,0,408,0,0,0,27,0,0,0,0,0,257,0,1883000,7,8,0,1127050,5,5,0,3629,0,0,0,0,0
0,4,0,0,4,0,0,1,5,6,256,0,14460,0,2,0,0,0,0,0,0,0,0,0,0,0,512,0,1736030,0,0,0,1902291,4,5,0,8871,0,0,0,0,68,768,0,1164252,13,47,0,408,0,0,0,27,0,0,0,0,0,257,0,1890156,7,8,0,1132434,4,5,0,3645,0,0,0,0,0
0,4,0,0,4,0,0,1,5,6,256,0,14538,0,2,0,0,0,0,0,0,0,0,0,0,0,512,0,1741558,0,0,0,1908812,4,5,0,8899,0,0,0,0,68,768,0,1171972,13,47,0,408,0,0,0,27,0,0,0,0,0,257,0,1896640,6,8,0,1137962,4,5,0,3662,0,0,0,0,0
0,4,0,0,4,0,0,1,5,6,256,0,14616,0,2,0,0,0,0,0,0,0,0,0,0,0,512,0,1747086,0,0,0,1915871,3,5,0,8934,0,0,0,0,68,768,0,1180818,13,47,0,408,0,0,0,27,0,0,0,0,0,257,0,1903712,4,8,0,1143490,4,5,0,3679,0,0,0,0,0
0,4,0,0,4,0,0,1,5,6,256,0,14694,0,2,0,0,0,0,0,0,0,0,0,0,0,512,0,1752614,0,0,0,1922371,3,5,0,8962,0,0,0,0,68,768,0,1188712,13,47,0,408,0,0,0,27,0,0,0,0,0,257,0,1910196,7,8,0,1149018,3,5,0,3696,0,0,0,0,0
0,4,0,0,4,0,0,1,5,6,256,0,14772,0,2,0,0,0,0,0,0,0,0,0,0,0,512,0,1758142,0,0,0,1929516,5,5,0,8998,0,0,0,0,68,768,0,1197068,13,47,0,408,0,0,0,27,0,0,0,0,0,257,0,1917352,7,8,0,1154546,5,5,0,3713,0,0,0,0,0
0,4,0,0,4,0,0,1,5,6,256,0,14850,0,2,0,0,0,0,0,0,0,0,0,0,0,512,0,1763526,0,0,0,1936533,3,5,0,9029,0,0,0,0,68,768,0,1205406,13,47,0,408,0,0,0,27,0,0,0,0,0,257,0,1924088,7,8,0,1159930,4,5,0,3729,0,0,0,0,0
0,4,0,0,4,0,0,1,5,6,256,0,14928,0,2,0,0,0,0,0,0,0,0,0,0,0,512,0,1769054,0,0,0,1943292,4,5,0,9064,0,0,0,0,68,768,0,1213700,13,47,0,408,0,0,0,27,0,0,0,0,0,257,0,1931160,7,8,0,1165458,5,5,0,3746,0,0,0,0,0
0,4,0,0,4,0,0,1,5,6,256,0,15006,0,2,0,0,0,0,0,0,0,0,0,0,0,512,0,1774682,0,0,0,1949764,4,5,0,9092,0,0,0,0,68,768,0,1221498,13,47,0,408,0,0,0,27,0,0,0,0,0,257,0,1937644,7,8,48,1170802,4,5,0,3762,0,0,0,0,0
0,4,0,0,4,0,0,1,5,6,256,0,15084,0,2,0,0,0,0,0,0,0,0,0,0,0,512,0,1779978,0,0,0,1956643,4,5,0,9125,0,0,0,0,68,768,0,1230192,13,47,0,408,0,0,0,27,0,0,0,0,0,257,0,1944548,7,8,0,1176382,3,5,0,3780,0,0,0,0,0
0,4,0,0,4,0,0,1,5,6,256,0,15162,0,2,0,0,0,0,0,0,0,0,0,0,0,512,0,1785606,0,0,0,1963189,4,5,0,9153,0,0,0,0,68,768,0,1238110,13,47,0,408,0,0,0,27,0,0,0,0,0,257,0,1951032,7,8,0,1182010,3,5,0,3798,0,0,0,0,0
0,4,0,0,4,0,0,1,5,6,256,0,15240,0,2,0,0,0,0,0,0,0,0,0,0,0,512,0,1791222,0,0,10,1970571,4,5,0,9192,0,0,0,0,68,768,0,1247172,13,47,0,408,0,0,0,27,0,0,0,0,0,257,0,1958440,7,8,0,1187394,4,5,0,3814,0,0,0,0,0
0,4,0,0,4,0,0,1,5,6,256,0,15318,0,2,0,0,0,0,0,0,0,0,0,0,0,512,0,1796518,0,0,0,1977359,3,5,0,9223,0,0,0,0,68,768,0,1255766,13,47,0,408,0,0,0,27,0,0,0,0,0,257,0,1965176,7,8,0,1192922,3,5,0,3831,0,0,0,0,0
0,4,0,0,4,0,0,1,5,6,256,0,15396,0,2,0,0,0,0,0,0,0,0,0,0,0,512,0,1801902,0,0,0,1984160,4,5,0,9255,0,0,0,0,68,768,0,1264048,13,47,0,408,0,0,0,27,0,0,0,0,0,257,0,1971996,6,8,0,1198306,4,5,0,3847,0,0,0,0,0
0,4,0,0,4,0,0,1,5,6,256,0,15474,0,2,0,0,0,0,0,0,0,0,0,0,0,512,0,1807530,0,0,0,1990575,4,5,0,9283,0,0,0,0,68,768,0,1272118,13,47,0,408,0,0,0,27,0,0,0,0,0,257,0,1978480,7,8,0,1203934,5,5,0,3865,0,0,0,0,0
0,4,0,0,4,0,0,1,5,6,256,0,15552,0,2,0,0,0,0,0,0,0,0,0,0,0,512,0,1812914,0,0,0,1997677,4,5,0,9315,0,0,0,0,68,768,0,1280890,13,47,0,408,0,0,0,27,0,0,0,0,0,257,0,1985300,7,8,0,1209318,4,5,0,3881,0,0,0,0,0
0,4,0,0,4,0,0,1,5,6,256,0,15630,0,2,0,0,0,0,0,0,0,0,0,0,0,512,0,1818542,0,0,40,2003991,4,5,0,9343,0,0,0,0,68,768,0,1288998,13,47,0,408,0,0,0,27,0,0,0,0,0,257,0,1991784,7,8,0,1214946,4,5,0,3899,0,0,0,0,0
0,4,0,0,4,0,0,1,5,6,256,0,15708,0,2,0,0,0,0,0,0,0,0,0,0,0,512,0,1824026,0,0,0,2010749,4,5,0,9375,0,0,0,0,68,768,0,1297226,13,47,0,408,0,0,0,27,0,0,0,0,0,257,0,1998604,7,8,0,1220430,4,5,0,3916,0,0,0,0,0
0,4,0,0,4,0,0,1,5,6,256,0,15786,0,2,0,0,0,0,0,0,0,0,0,0,0,512,0,1829634,0,0,0,2017620,4,5,0,9406,0,0,0,0,68,768,0,1305942,13,47,0,408,0,0,0,27,0,0,0,0,0,257,0,2005340,6,8,0,1226038,4,5,0,3934,0,0,0,0,0
0,4,0,0,4,0,0,1,5,6,256,0,15864,0,2,0,0,0,0,0,0,0,0,0,0,0,512,0,1835206,0,0,0,2024585,5,5,0,9439,0,0,0,0,68,768,0,1314106,13,47,0,408,0,0,0,27,0,0,0,0,0,257,0,2012244,4,8,0,1231334,5,5,0,3950,0,0,0,0,0
0,4,0,0,4,0,0,1,5,6,256,0,15942,0,2,0,0,0,0,0,0,0,0,0,0,0,512,0,1840590,0,0,0,2030833,4,5,0,9467,0,0,0,0,68,768,0,1322006,13,47,0,408,0,0,0,27,0,0,0,0,0,257,0,2018728,7,8,9,1236771,4,5,0,3967,0,0,0,0,0
0,4,0,0,4,0,0,1,5,6,256,0,16020,0,2,0,0,0,0,0,0,0,0,0,0,0,512,0,1845886,0,0,0,2037727,4,5,0,9500,0,0,0,0,68,768,0,1330664,13,47,0,408,0,0,0,27,0,0,0,0,0,257,0,2025632,7,8,0,1242290,4,5,0,3984,0,0,0,0,0
0,4,0,0,4,0,0,1,5,6,256,0,16098,0,2,0,0,0,0,0,0,0,0,0,0,0,512,0,1851414,0,0,0,2044283,4,5,0,9528,0,0,0,0,68,768,0,1338506,13,47,0,408,0,0,0,27,0,0,0,0,0,257,0,2032116,7,8,0,1247818,4,5,0,4001,0,0,0,0,0
0,4,0,0,4,0,0,1,5,6,256,0,16176,0,2,0,0,0,0,0,0,0,0,0,0,0,512,0,1856798,0,0,9,2051283,4,5,0,9563,0,0,0,0,68,768,0,1347044,13,47,0,408,0,0,0,27,0,0,0,0,0,257,0,2039188,7,8,0,1253202,5,5,0,4017,0,0,0,0,0
0,4,0,0,4,0,0,1,5,6,256,0,16254,0,2,0,0,0,0,0,0,0,0,0,0,0,512,0,1862426,0,0,0,2058191,5,5,0,9596,0,0,0,0,68,768,0,1356054,13,47,0,408,0,0,0,27,0,0,0,0,0,257,0,2046092,7,8,0,1258830,4,5,0,4035,0,0,0,0,0
0,4,0,0,4,0,0,1,5,6,256,0,16332,0,2,0,0,0,0,0,0,0,0,0,0,0,512,0,1867954,0,0,0,2065091,4,5,0,9629,0,0,0,0,68,768,0,1364352,13,47,0,408,0,0,0,27,0,0,0,0,0,257,0,2052996,7,8,0,1264358,3,5,0,4052,0,0,0,0,0
0,4,0,0,4,0,0,1,5,6,256,0,16410,0,2,0,0,0,0,0,0,0,0,0,0,0,512,0,1873338,0,0,0,2071620,4,5,0,9657,0,0,0,0,68,768,0,1372306,13,47,0,408,0,0,0,27,0,0,0,0,0,257,0,2059480,7,8,0,1269742,3,5,0,4068,0,0,0,0,0
0,4,0,0,4,0,0,1,5,6,256,0,16488,0,2,0,0,0,0,0,0,0,0,0,0,0,512,0,1878634,0,0,0,2078563,4,5,0,9691,0,0,0,0,68,768,0,1381148,13,47,0,408,0,0,0,27,0,0,0,0,0,257,0,2066468,7,8,0,1275038,4,5,0,4084,0,0,0,0,0
0,4,0,0,4,0,0,1,5,6,256,0,16566,0,2,0,0,0,0,0,0,0,0,0,0,0,512,0,1884018,0,0,0,2085576,3,5,0,9719,0,0,0,0,68,768,0,1389050,13,47,0,408,0,0,0,27,0,0,0,0,0,257,0,2072952,7,8,0,1280422,4,5,0,4100,0,0,0,0,0
0,4,0,0,4,0,0,1,5,6,256,0,16644,0,2,0,0,0,0,0,0,0,0,0,0,0,512,0,1889546,0,0,0,2092233,5,5,0,9752,0,0,0,0,68,768,0,1397504,13,47,0,408,0,0,0,27,0,0,0,0,0,257,0,2079856,7,8,0,1285950,5,5,0,4117,0,0,0,0,0
0,4,0,0,4,0,0,1,5,6,256,0,16722,0,2,0,0,0,0,0,0,0,0,0,0,0,512,0,1895074,0,0,0,2099199,4,5,0,9785,0,0,0,0,68,768,0,1406518,13,47,0,408,0,0,0,27,0,0,0,0,0,257,0,2086720,7,8,0,1291478,3,5,0,4134,0,0,0,0,0
0,4,0,0,4,0,0,1,5,6,256,0,16800,0,2,0,0,0,0,0,0,0,0,0,0,0,512,0,1900602,0,0,0,2105635,3,5,0,9816,0,0,0,0,68,768,0,1414740,13,47,0,408,0,0,0,27,0,0,0,0,0,257,0,2093540,7,8,0,1297006,3,5,0,4151,0,0,0,0,0
0,4,0,0,4,0,0,1,5,6,256,0,16878,0,2,0,0,0,0,0,0,0,0,0,0,0,512,0,1905986,0,0,0,2112141,3,5,0,9844,0,0,0,0,68,768,0,1422754,13,47,0,408,0,0,0,27,0,0,0,0,0,257,0,2100024,7,8,0,1302390,3,5,0,4167,0,0,0,0,0
0,4,0,0,4,0,0,1,5,6,256,0,16956,0,2,0,0,0,0,0,0,0,0,0,0,0,512,0,1911514,0,0,0,2119033,4,5,0,9877,0,0,0,0,68,768,0,1431270,13,47,0,408,0,0,0,27,0,0,0,0,0,257,0,2106928,6,8,0,1307918,4,5,0,4184,0,0,0,0,0
0,4,0,0,4,0,0,1,5,6,256,0,17034,0,2,0,0,0,0,0,0,0,0,0,0,0,512,0,1916898,0,0,0,2125520,4,5,0,9905,0,0,0,0,68,768,0,1439142,13,47,0,408,0,0,0,27,0,0,0,0,0,257,0,2113412,6,8,0,1313302,4,5,0,4200,0,0,0,0,0
0,4,0,0,4,0,0,1,5,6,256,0,17112,0,2,0,0,0,0,0,0,0,0,0,0,0,512,0,1922426,0,0,0,2132880,5,5,0,9943,0,0,0,0,68,768,0,1447934,13,47,0,408,0,0,0,27,0,0,0,0,0,257,0,2120736,6,8,0,1318830,3,5,0,4217,0,0,0,0,0
0,4,0,0,4,0,0,1,5,6,256,0,17190,0,2,0,0,0,0,0,0,0,0,0,0,0,512,0,1927810,0,0,0,2139873,4,5,0,9975,0,0,0,0,68,768,0,1456908,13,47,0,408,0,0,0,27,0,0,0,0,0,257,0,2127556,7,8,0,1324214,4,5,0,4233,0,0,0,0,0
0,4,0,0,4,0,0,1,5,6,256,0,17268,0,2,0,0,0,0,0,0,0,0,0,0,0,512,0,1933338,0,0,0,2146517,4,5,0,10007,0,0,0,0,68,768,0,1465158,13,47,0,408,0,0,0,27,0,0,0,0,0,257,0,2134376,7,8,0,1329510,4,5,0,4249,0,0,0,0,0
0,4,0,0,4,0,0,1,5,6,256,0,17346,0,2,0,0,0,0,0,0,0,0,0,0,0,512,0,1938866,0,0,0,2153026,3,5,0,10035,0,0,0,0,68,768,0,1473240,13,47,0,408,0,0,0,27,0,0,0,0,0,257,0,2140860,6,8,0,1335038,4,5,0,4266,0,0,0,0,0
0,4,0,0,4,0,0,1,5,6,256,0,17424,0,2,0,0,0,0,0,0,0,0,0,0,0,512,0,1944394,0,0,0,2159965,4,5,0,10069,0,0,0,0,68,768,0,1482082,13,47,0,408,0,0,0,27,0,0,0,0,0,257,0,2147848,7,8,9,1340575,4,5,0,4283,0,0,0,0,0
0,4,0,0,4,0,0,1,5,6,256,0,17502,0,2,0,0,0,0,0,0,0,0,0,0,0,512,0,1949546,0,0,0,2166898,4,5,0,10097,0,0,0,0,68,768,0,1490084,13,47,0,408,0,0,0,27,0,0,0,0,0,257,0,2154332,7,8,0,1345950,3,5,0,4299,0,0,0,0,0
0,4,0,0,4,0,0,1,5,6,256,0,17580,0,2,0,0,0,0,0,0,0,0,0,0,0,512,0,1955074,0,0,0,2173454,5,5,0,10130,0,0,0,0,68,768,0,1498702,13,47,0,408,0,0,0,27,0,0,0,0,0,257,0,2161236,6,8,0,1351478,4,5,0,4316,0,0,0,0,0
0,4,0,0,4,0,0,1,5,6,256,0,17658,0,2,0,0,0,0,0,0,0,0,0,0,0,512,0,1960458,0,0,0,2179900,5,5,0,10159,0,0,0,0,68,768,0,1507344,13,47,0,408,0,0,0,27,0,0,0,0,0,257,0,2167804,7,8,0,1356862,4,5,0,4332,0,0,0,0,0
0,4,0,0,4,0,0,1,5,6,256,0,17736,0,2,0,0,0,0,0,0,0,0,0,0,0,512,0,1965986,0,0,0,2186803,4,5,0,10192,0,0,0,0,68,768,0,1515890,13,47,0,408,0,0,0,27,0,0,0,0,0,257,0,2174708,6,8,0,1362390,4,5,0,4349,0,0,0,0,0
0,4,0,0,4,0,0,1,5,6,256,0,17814,0,2,0,0,0,0,0,0,0,0,0,0,0,512,0,1971370,0,0,0,2193282,4,5,0,10220,0,0,0,0,68,768,0,1523812,13,47,0,408,0,0,0,27,0,0,0,0,0,257,0,2181192,7,8,0,1367774,4,5,0,4365,0,0,0,0,0
