iTOW,version,posCovValid,velCovValid,reserved0,posCovNN,posCovNE,posCovND,posCovEE,posCovED,posCovDD,velCovNN,velCovNE,velCovND,velCovEE,velCovED,velCovDD
93890000,0,1,1,1171368248954360692736,7.313096046447754,-4.49392032623291,12.149348258972168,28.361835479736328,-26.07945442199707,73.8916244506836,0.025173909962177277,0.0026346398517489433,0.02005801536142826,0.060682155191898346,-0.017977142706513405,0.10808683931827545
93891000,0,1,1,1171368248954360692736,7.014330863952637,-4.293792247772217,11.83090591430664,26.50206184387207,-24.612918853759766,70.98932647705078,0.023131707683205605,0.0007627587765455246,0.019187049940228462,0.05835944414138794,-0.01934906840324402,0.10659298300743103
93892000,0,1,1,1171368248954360692736,6.690655708312988,-4.047049522399902,11.352827072143555,25.003149032592773,-23.541728973388672,68.28237915039062,0.023774104192852974,0.0009258836507797241,0.020640823990106583,0.05775121599435806,-0.026440151035785675,0.10700459033250809
93893000,0,1,1,1171368248954360692736,6.364567279815674,-3.8184852600097656,10.836284637451172,23.628173828125,-22.49062156677246,65.49720764160156,0.022166261449456215,0.00018106214702129364,0.019021177664399147,0.05753907561302185,-0.026338981464505196,0.10680773109197617
93894000,0,1,1,1171368248954360692736,6.08864688873291,-3.610757350921631,10.400956153869629,22.465492248535156,-21.539424896240234,63.051422119140625,0.022052593529224396,0.00029927585273981094,0.017772892490029335,0.060630135238170624,-0.026110082864761353,0.10499542951583862
93895000,0,1,1,1171368248954360692736,5.903253078460693,-3.478637218475342,10.166561126708984,21.471172332763672,-20.82211685180664,61.31171417236328,0.024773957207798958,0.0003394549712538719,0.01876116544008255,0.06292781233787537,-0.025936750695109367,0.10818079859018326
93896000,0,1,1,1171368248954360692736,5.687029838562012,-3.3203723430633545,9.833367347717285,20.46600341796875,-20.017433166503906,59.322174072265625,0.023077374324202538,0.00043879635632038116,0.017934981733560562,0.06055467948317528,-0.02567269466817379,0.10699392855167389
93897000,0,1,1,1171368248954360692736,5.692444801330566,-3.3086235523223877,9.870986938476562,20.323211669921875,-20.014198303222656,59.427581787109375,0.06500287353992462,0.005901106633245945,0.019659489393234253,0.12832844257354736,-0.025382211431860924,0.13930800557136536
93898000,0,1,1,1171368248954360692736,5.620555877685547,-3.2232491970062256,9.69736099243164,20.059711456298828,-19.92271614074707,58.81645965576172,0.04963957518339157,0.012105496600270271,0.01758415997028351,0.10397104918956757,-0.04469708725810051,0.1449873149394989
93899000,0,1,1,1171368248954360692736,5.545044422149658,-3.240858554840088,9.6300630569458,19.38134002685547,-19.481496810913086,57.689002990722656,0.03925066068768501,-0.0048463549464941025,0.023281103000044823,0.07812187075614929,-0.04457392171025276,0.14000993967056274
93900000,0,1,1,1171368248954360692736,5.483661651611328,-3.2748160362243652,9.633160591125488,18.727550506591797,-19.107948303222656,56.76545715332031,0.036686286330223083,-0.010385246016085148,0.02630673348903656,0.057880841195583344,-0.04554351791739464,0.138146311044693
93901000,0,1,1,1171368248954360692736,5.441611289978027,-3.3142194747924805,9.675457954406738,18.26025390625,-19.072097778320312,56.46536636352539,0.0377986878156662,-0.0053223296999931335,0.024484213441610336,0.05861813947558403,-0.046523433178663254,0.13835272192955017
93902000,0,1,1,1171368248954360692736,5.307364463806152,-3.264857292175293,9.428990364074707,17.645055770874023,-18.827241897583008,55.243751525878906,0.02344597689807415,-0.002235082909464836,0.010885732248425484,0.04172687605023384,-0.04093492776155472,0.1075630784034729
93903000,0,1,1,1171368248954360692736,5.039217948913574,-3.063361644744873,8.829658508300781,16.750991821289062,-17.880939483642578,52.59314727783203,0.01588496007025242,0.0006981517653912306,0.006279108114540577,0.03937976807355881,-0.03422103449702263,0.08620423078536987
93904000,0,1,1,1171368248954360692736,4.831683158874512,-2.868095874786377,8.277091979980469,16.07524871826172,-17.148849487304688,50.571144104003906,0.038012731820344925,0.007111565209925175,0.0056129819713532925,0.05750422924757004,-0.03962918370962143,0.09971345961093903
93905000,0,1,1,1171368248954360692736,4.62429141998291,-2.6800150871276855,7.8071980476379395,15.364053726196289,-16.362613677978516,48.459617614746094,0.01664789952337742,2.261251211166382e-06,0.009760405868291855,0.04157981649041176,-0.0324251726269722,0.08752533793449402
93906000,0,1,1,1171368248954360692736,4.405616760253906,-2.556633472442627,7.390988349914551,14.549580574035645,-15.548157691955566,46.22309112548828,0.013685258105397224,-0.003092812839895487,0.010892852209508419,0.03469870984554291,-0.026625972241163254,0.07343579083681107
93907000,0,1,1,1171368248954360692736,4.288437843322754,-2.4706358909606934,7.156620025634766,14.031501770019531,-15.024635314941406,44.928321838378906,0.02480042539536953,-0.0027228593826293945,0.016551561653614044,0.06002965196967125,-0.024303298443555832,0.08989530056715012
93908000,0,1,1,1171368248954360692736,4.1040940284729,-2.377291440963745,6.808492183685303,13.280618667602539,-14.299959182739258,42.87896728515625,0.00873068068176508,-0.0015186755917966366,0.0075378622859716415,0.022403176873922348,-0.019397970288991928,0.04986787587404251
93909000,0,1,1,1171368248954360692736,3.9352097511291504,-2.287609338760376,6.5064496994018555,12.665664672851562,-13.694380760192871,41.135475158691406,0.013289293274283409,-0.0017848205752670765,0.009555748663842678,0.02965546026825905,-0.019608357921242714,0.058503635227680206
93910000,0,1,1,1171368248954360692736,3.7847304344177246,-2.189844846725464,6.207363128662109,12.246572494506836,-13.316144943237305,39.72219467163086,0.0156616922467947,0.0006205448880791664,0.007752652280032635,0.04385443031787872,-0.020544007420539856,0.06626638025045395
93911000,0,1,1,1171368248954360692736,3.6546030044555664,-2.1005401611328125,5.94598388671875,11.877119064331055,-12.971056938171387,38.45399475097656,0.01787247136235237,0.0005308361724019051,0.009468797594308853,0.04627252742648125,-0.023280005902051926,0.07291296124458313
93912000,0,1,1,1171368248954360692736,3.572551727294922,-2.0328588485717773,5.779341697692871,11.620341300964355,-12.738265991210938,37.565345764160156,0.023470088839530945,-0.000336354598402977,0.013382047414779663,0.05787992104887962,-0.029054837301373482,0.08774672448635101
93913000,0,1,1,1171368248954360692736,3.4619672298431396,-1.9609583616256714,5.56233024597168,11.268840789794922,-12.423185348510742,36.4094352722168,0.01792510226368904,-0.0006006141193211079,0.011620980687439442,0.04362986236810684,-0.033533427864313126,0.0876738652586937
93914000,0,1,1,1171368248954360692736,3.352729082107544,-1.8998003005981445,5.379712104797363,10.849823951721191,-12.01192855834961,35.184085845947266,0.013344887644052505,-0.002935266587883234,0.012339204549789429,0.02988418936729431,-0.026689039543271065,0.07942996174097061
93915000,0,1,1,1171368248954360692736,3.281198501586914,-1.848745346069336,5.299160003662109,10.472090721130371,-11.62405776977539,34.236572265625,0.016473902389407158,-0.00023574894294142723,0.014677728526294231,0.0356857106089592,-0.020954206585884094,0.07276498526334763
93916000,0,1,1,1171368248954360692736,3.229170322418213,-1.8007711172103882,5.244526386260986,10.19101333618164,-11.337226867675781,33.50103759765625,0.021951427683234215,0.000537593849003315,0.017757225781679153,0.04431616887450218,-0.02849879115819931,0.08521947264671326
93917000,0,1,1,1171368248954360692736,3.186164379119873,-1.7624235153198242,5.169101715087891,10.043479919433594,-11.175159454345703,32.87005615234375,0.023599179461598396,0.0022404040209949017,0.01360450778156519,0.06787234544754028,-0.02854982204735279,0.0869138091802597
93918000,0,1,1,1171368248954360692736,3.1702544689178467,-1.7437841892242432,5.132511138916016,9.900596618652344,-11.002197265625,32.32594299316406,0.02766701951622963,-0.0036459434777498245,0.015089467167854309,0.05347651615738869,-0.025196842849254608,0.08864600956439972
93919000,0,1,1,1171368248954360692736,3.163321018218994,-1.7366297245025635,5.112717628479004,9.786922454833984,-10.87260627746582,31.912874221801758,0.029658542945981026,-0.004980005323886871,0.0156300887465477,0.057842619717121124,-0.025614924728870392,0.09335839003324509
93920000,0,1,1,1171368248954360692736,3.159264087677002,-1.7282992601394653,5.098532199859619,9.660391807556152,-10.722415924072266,31.512832641601562,0.028593897819519043,-0.0035194410011172295,0.01531941071152687,0.05532144755125046,-0.024410758167505264,0.09369965642690659
93921000,0,1,1,1171368248954360692736,3.157309055328369,-1.7205090522766113,5.085074424743652,9.54995346069336,-10.596071243286133,31.14959716796875,0.02900763973593712,-0.003354201093316078,0.015037812292575836,0.055743057280778885,-0.024568995460867882,0.09273529797792435
93922000,0,1,1,1171368248954360692736,3.1607375144958496,-1.7165026664733887,5.079501628875732,9.447196960449219,-10.483341217041016,30.813430786132812,0.0309520922601223,-0.004345227032899857,0.01552584022283554,0.05510597676038742,-0.02499174140393734,0.09143635630607605
93923000,0,1,1,1171368248954360692736,3.162437915802002,-1.7088596820831299,5.064546585083008,9.36410903930664,-10.388642311096191,30.505325317382812,0.030194051563739777,-0.0034887883812189102,0.015680482611060143,0.05724189430475235,-0.02646721340715885,0.0953349843621254
93924000,0,1,1,1171368248954360692736,3.1717965602874756,-1.7072614431381226,5.063342094421387,9.307445526123047,-10.329806327819824,30.306575775146484,0.032672587782144547,-0.004368198104202747,0.01735066995024681,0.0644376203417778,-0.028459442779421806,0.10390838980674744
93925000,0,1,1,1171368248954360692736,3.180527687072754,-1.7103252410888672,5.074363708496094,9.283987998962402,-10.29483413696289,30.148311614990234,0.030542591586709023,-0.004195609129965305,0.02041802555322647,0.07202859222888947,-0.028768984600901604,0.11047890037298203
93926000,0,1,1,1171368248954360692736,3.171980381011963,-1.7028753757476807,5.058006286621094,9.25381851196289,-10.21617317199707,29.876014709472656,0.027712766081094742,-0.003942275419831276,0.019832413643598557,0.07494620233774185,-0.028855063021183014,0.1085585504770279
93927000,0,1,1,1171368248954360692736,3.158792495727539,-1.6921101808547974,5.044005393981934,9.12923526763916,-10.029233932495117,29.52579116821289,0.028701480478048325,-0.0047121671959757805,0.02371949702501297,0.06754355877637863,-0.02461918815970421,0.11470051854848862
93928000,0,1,1,1171368248954360692736,3.1569666862487793,-1.6787450313568115,5.050373554229736,9.049919128417969,-9.938549041748047,29.325401306152344,0.03101041167974472,-0.0015245499089360237,0.024648910388350487,0.06249582767486572,-0.031238380819559097,0.11238230019807816
93929000,0,1,1,1171368248954360692736,3.14275860786438,-1.6591858863830566,5.027760028839111,8.87835693359375,-9.735089302062988,28.839900970458984,0.02660621516406536,-0.0033527538180351257,0.022329939529299736,0.05436239764094353,-0.02835593745112419,0.09897994995117188
93930000,0,1,1,1171368248954360692736,3.1494078636169434,-1.6574177742004395,5.03954553604126,8.694171905517578,-9.506122589111328,28.404367446899414,0.02866283804178238,-0.005983415991067886,0.023608434945344925,0.047892361879348755,-0.02233106829226017,0.09915962815284729
93931000,0,1,1,1171368248954360692736,3.0958447456359863,-1.6039212942123413,4.902426719665527,8.471288681030273,-9.17944622039795,27.5999755859375,0.01912885718047619,-0.0034554768353700638,0.01588839292526245,0.03665958717465401,-0.017141366377472878,0.08042468130588531
93932000,0,1,1,1171368248954360692736,3.0652637481689453,-1.5835082530975342,4.851158142089844,8.271270751953125,-8.937631607055664,26.98743438720703,0.022868769243359566,-0.00430644303560257,0.0177396722137928,0.03724406287074089,-0.01927470602095127,0.07632750272750854
93933000,0,1,1,1171368248954360692736,3.0482890605926514,-1.5546941757202148,4.783048629760742,8.146463394165039,-8.736053466796875,26.512855529785156,0.02826016955077648,-0.0038286251947283745,0.015812311321496964,0.05298229306936264,-0.016237882897257805,0.08649420738220215
93934000,0,1,1,1171368248954360692736,3.0285754203796387,-1.5277745723724365,4.7103352546691895,8.059770584106445,-8.578767776489258,26.054712295532227,0.025528380647301674,-0.0032126624137163162,0.016492828726768494,0.0504768043756485,-0.01738111674785614,0.0817602127790451
93935000,0,1,1,1171368248954360692736,2.9745264053344727,-1.5007199048995972,4.608617305755615,7.775518417358398,-8.320085525512695,25.43181610107422,0.019587650895118713,-0.005108558107167482,0.015307342633605003,0.029786935076117516,-0.017862576991319656,0.07290884852409363
93936000,0,1,1,1171368248954360692736,2.8542633056640625,-1.425504207611084,4.379807472229004,7.3296589851379395,-7.750611305236816,24.152957916259766,0.01069698203355074,-0.0031530587002635,0.009847741574048996,0.017879607155919075,-0.005832255352288485,0.04898257181048393
93937000,0,1,1,1171368248954360692736,2.746525764465332,-1.3632948398590088,4.199245929718018,6.909963607788086,-7.237707138061523,23.049911499023438,0.01333487220108509,-0.004362665582448244,0.011954349465668201,0.02306433953344822,-0.010906740091741085,0.05815809592604637
93938000,0,1,1,1171368248954360692736,2.654120445251465,-1.311923861503601,4.026965141296387,6.545040607452393,-6.78273868560791,22.021820068359375,0.013454082421958447,-0.005539057310670614,0.012145694345235825,0.02074846625328064,-0.007681417744606733,0.05462434142827988
93939000,0,1,1,1171368248954360692736,2.589611053466797,-1.2701587677001953,3.9163835048675537,6.2670488357543945,-6.413084506988525,21.276268005371094,0.01567317172884941,-0.0055180760100483894,0.013643648475408554,0.02777138352394104,-0.011041494086384773,0.06557673960924149
93940000,0,1,1,1171368248954360692736,2.5334253311157227,-1.2338182926177979,3.81345534324646,6.085958480834961,-6.149326801300049,20.719398498535156,0.01740051805973053,-0.00610548909753561,0.016665957868099213,0.031634505838155746,-0.014986425638198853,0.07791723310947418
93941000,0,1,1,1171368248954360692736,2.5199832916259766,-1.2277065515518188,3.7894492149353027,5.92819881439209,-5.926203727722168,20.39369773864746,0.023049471899867058,-0.011455048806965351,0.019289754331111908,0.0401141420006752,-0.015493898652493954,0.09075429290533066
93942000,0,1,1,1171368248954360692736,2.44950270652771,-1.1899981498718262,3.6512210369110107,5.701924800872803,-5.595021724700928,19.618404388427734,0.012787275947630405,-0.005112056620419025,0.012633584439754486,0.014229838736355305,0.002806264441460371,0.04982706904411316
93943000,0,1,1,1171368248954360692736,2.373960018157959,-1.1575968265533447,3.532034397125244,5.475307464599609,-5.337425231933594,18.944965362548828,0.011946962215006351,-0.005750864278525114,0.012366147711873055,0.020625421777367592,-0.012647157534956932,0.05712912976741791
93944000,0,1,1,1171368248954360692736,2.3095316886901855,-1.1269164085388184,3.4215080738067627,5.266078948974609,-5.081106662750244,18.282657623291016,0.010399744845926762,-0.0036534639075398445,0.008961578831076622,0.012338691391050816,0.0006193593144416809,0.040675848722457886
93945000,0,1,1,1171368248954360692736,2.2673094272613525,-1.1174051761627197,3.3542733192443848,5.086698055267334,-4.881481170654297,17.73442268371582,0.011157368309795856,-0.0049159773625433445,0.009254202246665955,0.012628838419914246,-0.004179801791906357,0.04237639904022217
93946000,0,1,1,1171368248954360692736,2.2221384048461914,-1.1007152795791626,3.2784080505371094,4.923879623413086,-4.701669692993164,17.206418991088867,0.012128082104027271,-0.004020721185952425,0.011510796844959259,0.013801107183098793,-0.003320409683510661,0.04037971794605255
93947000,0,1,1,1171368248954360692736,2.178475856781006,-1.0867924690246582,3.2028679847717285,4.769492149353027,-4.532994270324707,16.697017669677734,0.010574757121503353,-0.003678784007206559,0.008556274697184563,0.012370915152132511,-0.0016200016252696514,0.03748757392168045
93948000,0,1,1,1171368248954360692736,2.148933172225952,-1.0781593322753906,3.1474084854125977,4.643764495849609,-4.382462024688721,16.290849685668945,0.01539612002670765,-0.006270706653594971,0.011121785268187523,0.019048182293772697,-0.0025190631859004498,0.04800674691796303
93949000,0,1,1,1171368248954360692736,2.127053737640381,-1.0701723098754883,3.103013515472412,4.530801296234131,-4.238975524902344,15.92208480834961,0.015609628520905972,-0.006589298602193594,0.012429396621882915,0.019839132204651833,-0.0077820816077291965,0.054531775414943695
93950000,0,1,1,1171368248954360692736,2.101492166519165,-1.0637811422348022,3.055203914642334,4.4130659103393555,-4.111452102661133,15.544329643249512,0.01448211632668972,-0.006120249163359404,0.012839394621551037,0.01730857603251934,-0.0078101432882249355,0.05029280483722687
93951000,0,1,1,1171368248954360692736,2.072979211807251,-1.060262680053711,3.0070431232452393,4.276846885681152,-3.9822134971618652,15.172904968261719,0.0132064837962389,-0.00605238601565361,0.01148430909961462,0.016003575176000595,-0.00768478075042367,0.04697367176413536
93952000,0,1,1,1171368248954360692736,2.048675060272217,-1.0570154190063477,2.965848684310913,4.159532070159912,-3.870039224624634,14.84560489654541,0.01354808546602726,-0.005546642001718283,0.01092548854649067,0.012632615864276886,-0.0021738391369581223,0.03972642868757248
93953000,0,1,1,1171368248954360692736,2.0345618724823,-1.0558110475540161,2.943882942199707,4.041658878326416,-3.7662570476531982,14.541220664978027,0.012199879623949528,-0.00398183474317193,0.009659991599619389,0.010029221884906292,-0.003684587776660919,0.03339222073554993
93954000,0,1,1,1171368248954360692736,2.0217490196228027,-1.0528305768966675,2.9247117042541504,3.9364607334136963,-3.6767971515655518,14.262161254882812,0.014623824506998062,-0.0055442978627979755,0.012509449385106564,0.014956900849938393,-0.008953439071774483,0.04342681169509888
93955000,0,1,1,1171368248954360692736,1.9960336685180664,-1.0527622699737549,2.873764991760254,3.8431591987609863,-3.6021974086761475,13.934185028076172,0.012256625108420849,-0.005035152658820152,0.010206854902207851,0.015449878759682178,-0.009159302338957787,0.03975967317819595
93956000,0,1,1,1171368248954360692736,1.9839613437652588,-1.0513921976089478,2.843341112136841,3.750575065612793,-3.523425579071045,13.655834197998047,0.014594760723412037,-0.005271937698125839,0.009882333688437939,0.01137840561568737,-0.002367765409871936,0.03544188290834427
93957000,0,1,1,1171368248954360692736,1.9878290891647339,-1.0502517223358154,2.8396425247192383,3.6573050022125244,-3.437509059906006,13.43132209777832,0.01913553662598133,-0.0049489447847008705,0.014869892969727516,0.00984266959130764,0.0005653414409607649,0.036811891943216324
93958000,0,1,1,1171368248954360692736,1.9810420274734497,-1.0467525720596313,2.8152589797973633,3.582552909851074,-3.3589425086975098,13.185110092163086,0.015756800770759583,-0.005571105983108282,0.010586973279714584,0.015121329575777054,-0.0031395000405609608,0.04193464294075966
93959000,0,1,1,1171368248954360692736,1.964964509010315,-1.0433571338653564,2.7764499187469482,3.516240119934082,-3.280512571334839,12.937651634216309,0.015152565203607082,-0.006841079331934452,0.010314509272575378,0.019490927457809448,-0.006743796169757843,0.0466495081782341
93960000,0,1,1,1171368248954360692736,1.9524204730987549,-1.0426872968673706,2.7394843101501465,3.4661340713500977,-3.2173240184783936,12.727275848388672,0.018439626321196556,-0.008636638522148132,0.010206581093370914,0.023392904549837112,-0.0075284382328391075,0.05439973995089531
93961000,0,1,1,1171368248954360692736,1.9328279495239258,-1.036457896232605,2.6966443061828613,3.4239563941955566,-3.1594598293304443,12.546976089477539,0.01155949104577303,-0.005086652003228664,0.007366963662207127,0.02125479280948639,-0.008565791882574558,0.04955780506134033
93962000,0,1,1,1171368248954360692736,1.8994669914245605,-1.0243570804595947,2.6405599117279053,3.392426013946533,-3.125870704650879,12.399636268615723,0.014037122018635273,-0.006083258427679539,0.009902236051857471,0.024737272411584854,-0.015741106122732162,0.06273376196622849
93963000,0,1,1,1171368248954360692736,1.855238437652588,-0.9986040592193604,2.574774742126465,3.336024284362793,-3.059255361557007,12.190713882446289,0.011719008907675743,-0.004074317868798971,0.009845235385000706,0.024330727756023407,-0.014136896468698978,0.06207410991191864
93964000,0,1,1,1171368248954360692736,1.7989552021026611,-0.9693050980567932,2.488246440887451,3.2642717361450195,-2.979398488998413,11.8849515914917,0.006441931240260601,-0.0025500268675386906,0.005868644453585148,0.010558742098510265,-0.008528286591172218,0.03593260049819946
93965000,0,1,1,1171368248954360692736,1.7630081176757812,-0.9525241255760193,2.428576946258545,3.205857753753662,-2.911411762237549,11.654580116271973,0.012478187680244446,-0.005459563806653023,0.008155317045748234,0.018037736415863037,-0.007098744157701731,0.04627251625061035
93966000,0,1,1,1171368248954360692736,1.7384300231933594,-0.9401984810829163,2.380218982696533,3.1595892906188965,-2.850022792816162,11.469625473022461,0.015172169543802738,-0.006451683584600687,0.009791458025574684,0.024464121088385582,-0.010558935813605785,0.05907744914293289
93967000,0,1,1,1171368248954360692736,1.7125840187072754,-0.9286344051361084,2.3308424949645996,3.1234381198883057,-2.801877975463867,11.309549331665039,0.01395758893340826,-0.006436697207391262,0.009125616401433945,0.027625232934951782,-0.012110214680433273,0.06029199808835983
93968000,0,1,1,1171368248954360692736,1.6789915561676025,-0.9133274555206299,2.2740321159362793,3.0701887607574463,-2.7331676483154297,11.090852737426758,0.00891494657844305,-0.004615750163793564,0.0064459629356861115,0.01649366319179535,-0.006955489981919527,0.04192207753658295
93969000,0,1,1,1171368248954360692736,1.6489136219024658,-0.899756669998169,2.2301406860351562,3.0510339736938477,-2.71299409866333,11.006926536560059,0.01382219884544611,-0.0063118962571024895,0.008612331002950668,0.039572469890117645,-0.018241973593831062,0.07439257204532623
93970000,0,1,1,1171368248954360692736,1.625931978225708,-0.8859306573867798,2.192807912826538,3.05172061920166,-2.7010397911071777,10.959281921386719,0.016076060011982918,-0.005932686850428581,0.011303143575787544,0.038649898022413254,-0.01764787919819355,0.07807941734790802
93971000,0,1,1,1171368248954360692736,1.6113612651824951,-0.8805822134017944,2.167414665222168,3.0134661197662354,-2.7395706176757812,10.873148918151855,0.016371585428714752,-0.006755025591701269,0.01325814425945282,0.03913696110248566,-0.015402328222990036,0.08264654874801636
93972000,0,1,1,1171368248954360692736,1.5992109775543213,-0.8723100423812866,2.151421546936035,2.9546492099761963,-2.679044246673584,10.660282135009766,0.015552014112472534,-0.005529801826924086,0.014181280508637428,0.030513659119606018,-0.015686430037021637,0.07485783100128174
93973000,0,1,1,1171368248954360692736,1.585373878479004,-0.8626797199249268,2.1515800952911377,2.871246814727783,-2.6358911991119385,10.468632698059082,0.01439611241221428,-0.0060234772972762585,0.015068000182509422,0.027212079614400864,-0.012571684084832668,0.07222092151641846
93974000,0,1,1,1171368248954360692736,1.5722601413726807,-0.8450919985771179,2.1427526473999023,2.815568685531616,-2.529294729232788,10.32138442993164,0.014994299970567226,-0.005170128308236599,0.015487026423215866,0.029290666803717613,-0.005205792374908924,0.07056526839733124
93975000,0,1,1,1171368248954360692736,1.5749727487564087,-0.8375340700149536,2.151482105255127,2.817492723464966,-2.4826111793518066,10.391136169433594,0.01881616935133934,-0.0074613140895962715,0.014565495774149895,0.04582398384809494,-0.00504926685243845,0.08235214650630951
93976000,0,1,1,1171368248954360692736,1.5822604894638062,-0.8374606370925903,2.169140577316284,2.841503381729126,-2.4657182693481445,10.47725772857666,0.01677321270108223,-0.007619061972945929,0.015750102698802948,0.04955490678548813,-0.011514993384480476,0.08322403579950333
93977000,0,1,1,1171368248954360692736,1.5852348804473877,-0.8317449688911438,2.1909255981445312,2.8547282218933105,-2.444108247756958,10.561505317687988,0.019510287791490555,-0.006854323670268059,0.017789926379919052,0.04545757174491882,-0.011825370602309704,0.08724331855773926
93978000,0,1,1,1171368248954360692736,1.5926681756973267,-0.8343913555145264,2.219348192214966,2.8665690422058105,-2.44844126701355,10.623405456542969,0.019089702516794205,-0.008294560946524143,0.018473856151103973,0.046585023403167725,-0.014807690866291523,0.08424130827188492
93979000,0,1,1,1171368248954360692736,1.567575454711914,-0.8059961795806885,2.211704730987549,2.807971477508545,-2.341449737548828,10.441438674926758,0.01753830723464489,-0.006707394029945135,0.01716998964548111,0.03304292634129524,-0.008162318728864193,0.07493635267019272
93980000,0,1,1,1171368248954360692736,1.510948657989502,-0.738396406173706,2.1576473712921143,2.6288013458251953,-2.240079402923584,9.970124244689941,0.01335087325423956,-0.0031856494024395943,0.015046028420329094,0.019369110465049744,-0.00625196099281311,0.06031036004424095
93981000,0,1,1,1171368248954360692736,1.4831953048706055,-0.7069907188415527,2.1237728595733643,2.512568712234497,-2.166698932647705,9.698202133178711,0.014353281818330288,-0.004938026424497366,0.01375496294349432,0.026801208034157753,-0.00675945682451129,0.06383193284273148
93982000,0,1,1,1171368248954360692736,1.4545421600341797,-0.6742508411407471,2.079385995864868,2.404661178588867,-2.0840277671813965,9.3900728225708,0.015209730714559555,-0.0048845792189240456,0.014965424314141273,0.02458988130092621,-0.007940602488815784,0.06484358757734299
93983000,0,1,1,1171368248954360692736,1.4361437559127808,-0.6572216749191284,2.0887703895568848,2.3284285068511963,-2.0762059688568115,9.255067825317383,0.015539885498583317,-0.00527953589335084,0.016195854172110558,0.03178761526942253,-0.007227571681141853,0.07170622795820236
93984000,0,1,1,1171368248954360692736,1.4363329410552979,-0.6508517265319824,2.1048619747161865,2.3247551918029785,-2.0169272422790527,9.268331527709961,0.01891508512198925,-0.0072994050569832325,0.01795634627342224,0.04560333490371704,-0.00023512355983257294,0.0813014879822731
93985000,0,1,1,1171368248954360692736,1.4472870826721191,-0.6499220132827759,2.137782096862793,2.3432676792144775,-1.9825167655944824,9.363380432128906,0.02098838984966278,-0.006891178898513317,0.02134880982339382,0.04442847520112991,-0.004835004918277264,0.0907723531126976
93986000,0,1,1,1171368248954360692736,1.4534494876861572,-0.6454945802688599,2.158602476119995,2.3355679512023926,-1.9176514148712158,9.330862045288086,0.019451133906841278,-0.0070429109036922455,0.020775841549038887,0.03794943541288376,-0.0046067507937550545,0.07966698706150055
93987000,0,1,1,1171368248954360692736,1.4046909809112549,-0.5830920934677124,2.040827989578247,2.2281856536865234,-1.7265408039093018,8.938756942749023,0.012345182709395885,0.001590915024280548,0.005381052847951651,0.02131916582584381,0.00826082844287157,0.0582159049808979
93988000,0,1,1,1171368248954360692736,1.317310094833374,-0.48892414569854736,1.8526926040649414,2.018076181411743,-1.530983805656433,8.237781524658203,0.004722532816231251,0.0017029461450874805,0.00018025084864348173,0.009827110916376114,0.004883972927927971,0.03109077364206314
93989000,0,1,1,1171368248954360692736,1.243129849433899,-0.4146377444267273,1.7001726627349854,1.8446738719940186,-1.3601282835006714,7.664344310760498,0.005966370925307274,0.0017901650862768292,0.0013208335731178522,0.010816596448421478,0.004201485309749842,0.03464539349079132
93990000,0,1,1,1171368248954360692736,1.185728907585144,-0.35869619250297546,1.5769068002700806,1.7274553775787354,-1.207645297050476,7.2345733642578125,0.0068617225624620914,0.00189865508582443,0.0022048745304346085,0.014736386016011238,0.006617583800107241,0.03894088789820671
93991000,0,1,1,1171368248954360692736,1.1458399295806885,-0.3148626685142517,1.4850839376449585,1.6573867797851562,-1.067201852798462,6.971643447875977,0.008871898986399174,0.001801393344067037,0.0036234031431376934,0.017350859940052032,0.006549660582095385,0.046319764107465744
93992000,0,1,1,1171368248954360692736,1.1059376001358032,-0.27583837509155273,1.394244909286499,1.5528498888015747,-0.9787613153457642,6.604881763458252,0.008420992642641068,0.0026298777665942907,0.003982095047831535,0.012004489079117775,0.0064209578558802605,0.040210604667663574
93993000,0,1,1,1171368248954360692736,1.0660715103149414,-0.2392745018005371,1.3305132389068604,1.474996566772461,-0.8952008485794067,6.308999061584473,0.008394014090299606,0.002099543809890747,0.004791827406734228,0.0131140798330307,0.0046256063506007195,0.04032135754823685
93994000,0,1,1,1171368248954360692736,1.0338044166564941,-0.20981428027153015,1.293400764465332,1.4236868619918823,-0.7912693023681641,6.108994960784912,0.010211125947535038,0.002564402297139168,0.006286561023443937,0.014931989833712578,0.006406174041330814,0.044809840619564056
93995000,0,1,1,1171368248954360692736,0.9929087162017822,-0.17376208305358887,1.2222055196762085,1.3308992385864258,-0.6824197769165039,5.789236545562744,0.007422205526381731,0.0009845197200775146,0.005946221295744181,0.01228382345288992,0.0060850344598293304,0.03606284409761429
93996000,0,1,1,1171368248954360692736,0.9284546971321106,-0.14247429370880127,1.1280239820480347,1.226670265197754,-0.6138496994972229,5.460266590118408,0.0073201898485422134,0.001998007297515869,0.005327181424945593,0.011448569595813751,0.00684213126078248,0.04046519845724106
93997000,0,1,1,1171368248954360692736,0.8709884881973267,-0.12144443392753601,1.045123815536499,1.113517165184021,-0.5436233878135681,5.064922332763672,0.007198449224233627,0.0008603751193732023,0.0054548089392483234,0.011022902093827724,0.006518932059407234,0.039103489369153976
93998000,0,1,1,1171368248954360692736,0.8057237863540649,-0.11340366303920746,0.9674040079116821,1.0101816654205322,-0.4435318112373352,4.774564743041992,0.005794111173599958,0.0018955031409859657,0.0039258673787117004,0.010292346589267254,0.0075819119811058044,0.03472188487648964
93999000,0,1,1,1171368248954360692736,0.7440957427024841,-0.10032440721988678,0.8798884749412537,0.9349052906036377,-0.37979891896247864,4.4544243812561035,0.006906893569976091,0.0018447564216330647,0.004101383034139872,0.013403818011283875,0.00693745631724596,0.04387177154421806
94000000,0,1,1,1171368248954360692736,0.7131038904190063,-0.08064837008714676,0.8253003358840942,0.9090777635574341,-0.32126444578170776,4.319098472595215,0.008915770798921585,0.0027970403898507357,0.005239502061158419,0.01502301637083292,0.005804124753922224,0.04936710372567177
94001000,0,1,1,1171368248954360692736,0.6603327989578247,-0.072603240609169,0.7538673877716064,0.8528988361358643,-0.3085000216960907,4.0405073165893555,0.008499759249389172,0.0022835517302155495,0.005860587116330862,0.012172597460448742,0.006318860221654177,0.041054755449295044
94002000,0,1,1,1171368248954360692736,0.6065070033073425,-0.0636940598487854,0.6858528256416321,0.8021580576896667,-0.2809964418411255,3.7605347633361816,0.007008193992078304,0.0018575098365545273,0.005585355684161186,0.010751299560070038,0.007076534442603588,0.037319645285606384
94003000,0,1,1,1171368248954360692736,0.5798157453536987,-0.050370924174785614,0.6425774097442627,0.7877229452133179,-0.2350843995809555,3.626079559326172,0.008732360787689686,0.0023845545947551727,0.005644754506647587,0.015846945345401764,0.007935116067528725,0.0470772422850132
94004000,0,1,1,1171368248954360692736,0.5502832531929016,-0.040578581392765045,0.6008039712905884,0.7740932703018188,-0.19952630996704102,3.4702987670898438,0.006537166889756918,0.002319302875548601,0.003951414488255978,0.012465009465813637,0.0063973963260650635,0.03950965777039528
94005000,0,1,1,1171368248954360692736,0.5219405293464661,-0.032967209815979004,0.5635566711425781,0.7562282681465149,-0.16493526101112366,3.3345751762390137,0.006212024018168449,0.0019307341426610947,0.004343623295426369,0.009637393988668919,0.007312258705496788,0.03599940985441208
94006000,0,1,1,1171368248954360692736,0.49359217286109924,-0.0271499902009964,0.52838134765625,0.7429026961326599,-0.13188675045967102,3.2169349193573,0.005125683732330799,0.0017902886029332876,0.0031810833606868982,0.009911011904478073,0.008543960750102997,0.03741128742694855
94007000,0,1,1,1171368248954360692736,0.4707624912261963,-0.021824106574058533,0.49445298314094543,0.7305200695991516,-0.10444355010986328,3.105638027191162,0.006301463581621647,0.0020782884676009417,0.003285487648099661,0.011841598898172379,0.006689304951578379,0.03666726127266884
94008000,0,1,1,1171368248954360692736,0.4592057168483734,-0.015759140253067017,0.4786599576473236,0.7272109389305115,-0.07522427290678024,3.0648512840270996,0.008993834257125854,0.002242686226963997,0.005021324846893549,0.013750087469816208,0.008022862486541271,0.048702336847782135
94009000,0,1,1,1171368248954360692736,0.4556084871292114,-0.006576016545295715,0.465541273355484,0.7215379476547241,-0.040719375014305115,3.0132317543029785,0.008564497344195843,0.002983575453981757,0.004816992208361626,0.013027792796492577,0.00886465609073639,0.0455528162419796
94010000,0,1,1,1171368248954360692736,0.448319673538208,-0.0019875168800354004,0.4561944901943207,0.7093327045440674,-0.017623208463191986,2.9366650581359863,0.00787805113941431,0.0020282159093767405,0.006544293370097876,0.011117527261376381,0.006916883401572704,0.0374467708170414
94011000,0,1,1,1171368248954360692736,0.4493538737297058,0.0045198798179626465,0.4561924934387207,0.7043663859367371,-0.00018346309661865234,2.9045729637145996,0.009999524801969528,0.0020323756616562605,0.006720994599163532,0.013049333356320858,0.006446050480008125,0.047267522662878036
94012000,0,1,1,1171368248954360692736,0.43699896335601807,0.002676039934158325,0.4346204102039337,0.6942574977874756,-0.001407623291015625,2.8157777786254883,0.006896098144352436,-0.0001478006597608328,0.004290853627026081,0.010429682210087776,0.00295686861500144,0.035950303077697754
94013000,0,1,1,1171368248954360692736,0.41431546211242676,-0.0028504952788352966,0.4066469073295593,0.6692736148834229,-0.0077966004610061646,2.6966254711151123,0.005303884856402874,0.0003015447873622179,0.0031267437152564526,0.006175374612212181,0.00048137223348021507,0.025206664577126503
94014000,0,1,1,1171368248954360692736,0.39174529910087585,-0.0067066289484500885,0.378881573677063,0.6450778841972351,-0.013719409704208374,2.5907249450683594,0.006212742067873478,0.0011897004442289472,0.0026286167558282614,0.007481585722416639,0.001431446522474289,0.02912573143839836
94015000,0,1,1,1171368248954360692736,0.37755173444747925,-0.00879817083477974,0.3592013716697693,0.6292240619659424,-0.01866048574447632,2.509920358657837,0.006519299931824207,0.00026399362832307816,0.004226469434797764,0.010246851481497288,0.002427745843306184,0.03594541549682617
94016000,0,1,1,1171368248954360692736,0.3705495595932007,-0.009204704314470291,0.3536228835582733,0.6211043000221252,-0.024181321263313293,2.4603917598724365,0.007526318076997995,0.0011312763672322035,0.006008715834468603,0.012413314543664455,0.0015172846615314484,0.04016425088047981
94017000,0,1,1,1171368248954360692736,0.36726993322372437,-0.01025867834687233,0.3516141176223755,0.6168323159217834,-0.030399106442928314,2.43353533744812,0.008603906258940697,0.0002776996698230505,0.006686298176646233,0.013805512338876724,0.00159090431407094,0.042274389415979385
94018000,0,1,1,1171368248954360692736,0.3694741725921631,-0.013880085200071335,0.3602321147918701,0.6155068874359131,-0.040940042585134506,2.4192938804626465,0.010656308382749557,-0.0009452006779611111,0.009974667802453041,0.013397548347711563,0.00043784547597169876,0.04250018298625946
94019000,0,1,1,1171368248954360692736,0.3661550283432007,-0.019601840525865555,0.3676900267601013,0.6101083159446716,-0.04754803329706192,2.400791645050049,0.009059958159923553,1.1993106454610825e-05,0.008096395991742611,0.012455076910555363,0.0007981425151228905,0.03927302360534668
94020000,0,1,1,1171368248954360692736,0.35467061400413513,-0.02933536469936371,0.36616769433021545,0.5959345102310181,-0.065973199903965,2.3442399501800537,0.006959070917218924,-0.0016729673370718956,0.007701790891587734,0.00919400155544281,-0.0030252132564783096,0.03199633210897446
94021000,0,1,1,1171368248954360692736,0.34828799962997437,-0.03857970982789993,0.36544734239578247,0.5824729204177856,-0.07972927391529083,2.301943302154541,0.006778990384191275,-0.0015847224276512861,0.006697734352201223,0.00853255856782198,-0.0012588419485837221,0.03089027851819992
94022000,0,1,1,1171368248954360692736,0.343575119972229,-0.046272531151771545,0.3660816252231598,0.5702108144760132,-0.08844517171382904,2.265749454498291,0.007798049133270979,-0.0019927318207919598,0.007963468320667744,0.00843796320259571,0.002012574812397361,0.03094399720430374
94023000,0,1,1,1171368248954360692736,0.33742883801460266,-0.05460570752620697,0.36262765526771545,0.5563399791717529,-0.10059241950511932,2.2135119438171387,0.00681980000808835,-0.0019028820097446442,0.0060278018936514854,0.008382203057408333,0.0013321449514478445,0.028475258499383926
94024000,0,1,1,1171368248954360692736,0.33079731464385986,-0.06285593658685684,0.3573070466518402,0.5445446968078613,-0.12174545228481293,2.164536714553833,0.0067321485839784145,-0.001863919897004962,0.00615497212857008,0.010741055011749268,-0.004561056848615408,0.03071880340576172
94025000,0,1,1,1171368248954360692736,0.33318185806274414,-0.0707448422908783,0.36334264278411865,0.5429120659828186,-0.13678202033042908,2.1506905555725098,0.008605130948126316,-0.0029757518786937,0.007739243097603321,0.010806442238390446,-0.0021954989060759544,0.034524619579315186
94026000,0,1,1,1171368248954360692736,0.34152695536613464,-0.07893627882003784,0.3791588544845581,0.5460224747657776,-0.14957696199417114,2.16750168800354,0.010475747287273407,-0.0038630410563200712,0.008501262404024601,0.014189712703227997,-0.0033717993646860123,0.04014227166771889
94027000,0,1,1,1171368248954360692736,0.35596683621406555,-0.08627060055732727,0.39993998408317566,0.5497357845306396,-0.15677589178085327,2.190321207046509,0.012201567180454731,-0.0036295796744525433,0.009204773232340813,0.01211643498390913,0.0007884860970079899,0.03642553463578224
94028000,0,1,1,1171368248954360692736,0.37429279088974,-0.09686562418937683,0.4241783022880554,0.5469232797622681,-0.17811132967472076,2.1974644660949707,0.014194254763424397,-0.004793787375092506,0.01201324351131916,0.011812656186521053,-0.003954779822379351,0.037780772894620895
94029000,0,1,1,1171368248954360692736,0.40227270126342773,-0.11406303942203522,0.4610881209373474,0.5449693202972412,-0.21142688393592834,2.2307488918304443,0.020219014957547188,-0.007589493878185749,0.016644153743982315,0.014867817983031273,-0.009766293689608574,0.04716748371720314
94030000,0,1,1,1171368248954360692736,0.43236637115478516,-0.1334761530160904,0.4991760849952698,0.5467890501022339,-0.24959856271743774,2.2678020000457764,0.018284538760781288,-0.007053785491734743,0.015543529763817787,0.014284949749708176,-0.01033530943095684,0.04468407854437828
94031000,0,1,1,1171368248954360692736,0.4662373960018158,-0.15019088983535767,0.5502663850784302,0.5557041168212891,-0.2783789038658142,2.339448928833008,0.02033761888742447,-0.006231647916138172,0.01912100240588188,0.016244012862443924,-0.008318309672176838,0.05016496405005455
94032000,0,1,1,1171368248954360692736,0.4989054203033447,-0.165706068277359,0.6017982363700867,0.5630780458450317,-0.30519500374794006,2.406649112701416,0.018430283293128014,-0.006036374717950821,0.01910400204360485,0.015012446790933609,-0.00798849854618311,0.0492282509803772
94033000,0,1,1,1171368248954360692736,0.5311672687530518,-0.18313926458358765,0.6519685983657837,0.5672208070755005,-0.336880087852478,2.4674644470214844,0.018983885645866394,-0.006786932237446308,0.018676502630114555,0.014772750437259674,-0.008281509391963482,0.04916912317276001
94034000,0,1,1,1171368248954360692736,0.5598437190055847,-0.19983436167240143,0.698072612285614,0.5703817009925842,-0.3671896457672119,2.52101993560791,0.01758570969104767,-0.005741911940276623,0.017820097506046295,0.013140479102730751,-0.008813702501356602,0.04694793373346329
94035000,0,1,1,1171368248954360692736,0.5852696895599365,-0.2156614512205124,0.7408589720726013,0.5750470757484436,-0.3975924253463745,2.585890054702759,0.016686970368027687,-0.005827832967042923,0.015611221082508564,0.01528848521411419,-0.009924864396452904,0.049937885254621506
94036000,0,1,1,1171368248954360692736,0.6193382740020752,-0.2363860011100769,0.7927148342132568,0.588202178478241,-0.44071000814437866,2.672572135925293,0.021432548761367798,-0.008279106579720974,0.019208582118153572,0.019660592079162598,-0.012801987119019032,0.055179413408041
94037000,0,1,1,1171368248954360692736,0.6280351877212524,-0.2554021179676056,0.7991381883621216,0.6061837673187256,-0.48724377155303955,2.699970245361328,0.01600279100239277,-0.007738957181572914,0.013220559805631638,0.01890465058386326,-0.011615858413279057,0.05185680091381073
94038000,0,1,1,1171368248954360692736,0.6155149936676025,-0.26773351430892944,0.7788641452789307,0.6308565735816956,-0.5308175683021545,2.716146230697632,0.0113595612347126,-0.005939095746725798,0.008786583319306374,0.026517294347286224,-0.01577755995094776,0.056017398834228516
94039000,0,1,1,1171368248954360692736,0.5805041193962097,-0.2605167627334595,0.7284444570541382,0.6509960889816284,-0.5471078157424927,2.679877758026123,0.008531155996024609,-0.0011325639206916094,0.004356334451586008,0.02307428978383541,-0.009839311242103577,0.045619793236255646
94040000,0,1,1,1171368248954360692736,0.5490144491195679,-0.2511729896068573,0.6829155683517456,0.6582003831863403,-0.5549272298812866,2.626824378967285,0.008202274329960346,-0.002548519056290388,0.008108389563858509,0.012958803214132786,-0.009678242728114128,0.042057789862155914
94041000,0,1,1,1171368248954360692736,0.5140268802642822,-0.23847833275794983,0.639231264591217,0.6460235118865967,-0.551323652267456,2.565011501312256,0.009041755460202694,-0.004549848381429911,0.006672418676316738,0.013189474120736122,-0.006271007936447859,0.0387783944606781
94042000,0,1,1,1171368248954360692736,0.5257465839385986,-0.24707646667957306,0.6509537696838379,0.6528611183166504,-0.5589852333068848,2.614809036254883,0.016601096838712692,-0.006293129175901413,0.009901441633701324,0.018703661859035492,-0.005758579820394516,0.05163176730275154
94043000,0,1,1,1171368248954360692736,0.5297406911849976,-0.2539832293987274,0.6526886224746704,0.6383772492408752,-0.5697871446609497,2.5648930072784424,0.009842091239988804,-0.0036259975749999285,0.007439174689352512,0.006743029225617647,-0.003145042108371854,0.025218505412340164
